source,freq,year,quarter,type_id,is_provisional,n,value_kchf,value_chf,geo_id
T_05_05_1_1_01,Q,2007,1,commercial,0,17.0,192883.0,192883000.0,0000
T_05_05_1_1_01,Q,2007,1,house,0,153.0,273948.0,273948000.0,0000
T_05_05_1_1_01,Q,2007,1,house_existing,0,118.0,225918.0,225918000.0,0000
T_05_05_1_1_01,Q,2007,1,house_new,0,35.0,48030.0,48030000.0,0000
T_05_05_1_1_01,Q,2007,1,land,0,51.0,61093.0,61093000.0,0000
T_05_05_1_1_01,Q,2007,1,mixed,0,24.0,72292.0,72292000.0,0000
T_05_05_1_1_01,Q,2007,1,multi_unit,0,36.0,192236.0,192236000.0,0000
T_05_05_1_1_01,Q,2007,1,ppe,0,193.0,180322.0,180322000.0,0000
T_05_05_1_1_01,Q,2007,1,ppe_existing,0,157.0,152066.0,152066000.0,0000
T_05_05_1_1_01,Q,2007,1,ppe_new,0,36.0,28256.0,28256000.0,0000
T_05_05_1_1_01,Q,2007,2,commercial,0,18.0,91385.0,91385000.0,0000
T_05_05_1_1_01,Q,2007,2,house,0,213.0,334705.0,334705000.0,0000
T_05_05_1_1_01,Q,2007,2,house_existing,0,138.0,241908.0,241908000.0,0000
T_05_05_1_1_01,Q,2007,2,house_new,0,75.0,92797.0,92797000.0,0000
T_05_05_1_1_01,Q,2007,2,land,0,35.0,41177.0,41177000.0,0000
T_05_05_1_1_01,Q,2007,2,mixed,0,19.0,108479.0,108479000.0,0000
T_05_05_1_1_01,Q,2007,2,multi_unit,0,36.0,100038.0,100038000.0,0000
T_05_05_1_1_01,Q,2007,2,ppe,0,279.0,212680.0,212680000.0,0000
T_05_05_1_1_01,Q,2007,2,ppe_existing,0,193.0,151407.0,151407000.0,0000
T_05_05_1_1_01,Q,2007,2,ppe_new,0,86.0,61273.0,61273000.0,0000
T_05_05_1_1_01,Q,2007,3,commercial,0,15.0,110569.0,110569000.0,0000
T_05_05_1_1_01,Q,2007,3,house,0,200.0,426485.0,426485000.0,0000
T_05_05_1_1_01,Q,2007,3,house_existing,0,171.0,390584.0,390584000.0,0000
T_05_05_1_1_01,Q,2007,3,house_new,0,29.0,35901.0,35901000.0,0000
T_05_05_1_1_01,Q,2007,3,land,0,38.0,29607.0,29607000.0,0000
T_05_05_1_1_01,Q,2007,3,mixed,0,12.0,114459.0,114459000.0,0000
T_05_05_1_1_01,Q,2007,3,multi_unit,0,21.0,94817.0,94817000.0,0000
T_05_05_1_1_01,Q,2007,3,ppe,0,245.0,200881.0,200881000.0,0000
T_05_05_1_1_01,Q,2007,3,ppe_existing,0,190.0,159803.0,159803000.0,0000
T_05_05_1_1_01,Q,2007,3,ppe_new,0,55.0,41078.0,41078000.0,0000
T_05_05_1_1_01,Q,2007,4,commercial,0,16.0,150771.0,150771000.0,0000
T_05_05_1_1_01,Q,2007,4,house,0,200.0,401130.0,401130000.0,0000
T_05_05_1_1_01,Q,2007,4,house_existing,0,173.0,352908.0,352908000.0,0000
T_05_05_1_1_01,Q,2007,4,house_new,0,27.0,48222.0,48222000.0,0000
T_05_05_1_1_01,Q,2007,4,land,0,37.0,44089.0,44089000.0,0000
T_05_05_1_1_01,Q,2007,4,mixed,0,35.0,191314.0,191314000.0,0000
T_05_05_1_1_01,Q,2007,4,multi_unit,0,30.0,123627.0,123627000.0,0000
T_05_05_1_1_01,Q,2007,4,ppe,0,375.0,325295.0,325295000.0,0000
T_05_05_1_1_01,Q,2007,4,ppe_existing,0,284.0,247839.0,247839000.0,0000
T_05_05_1_1_01,Q,2007,4,ppe_new,0,91.0,77456.0,77456000.0,0000
T_05_05_1_1_01,Q,2008,1,commercial,0,10.0,114251.0,114251000.0,0000
T_05_05_1_1_01,Q,2008,1,house,0,134.0,272297.0,272297000.0,0000
T_05_05_1_1_01,Q,2008,1,house_existing,0,111.0,242887.0,242887000.0,0000
T_05_05_1_1_01,Q,2008,1,house_new,0,23.0,29410.0,29410000.0,0000
T_05_05_1_1_01,Q,2008,1,land,0,60.0,45386.0,45386000.0,0000
T_05_05_1_1_01,Q,2008,1,mixed,0,20.0,176553.0,176553000.0,0000
T_05_05_1_1_01,Q,2008,1,multi_unit,0,31.0,181091.0,181091000.0,0000
T_05_05_1_1_01,Q,2008,1,ppe,0,214.0,204925.0,204925000.0,0000
T_05_05_1_1_01,Q,2008,1,ppe_existing,0,161.0,157681.0,157681000.0,0000
T_05_05_1_1_01,Q,2008,1,ppe_new,0,53.0,47244.0,47244000.0,0000
T_05_05_1_1_01,Q,2008,2,commercial,0,17.0,227226.0,227226000.0,0000
T_05_05_1_1_01,Q,2008,2,house,0,168.0,362141.0,362141000.0,0000
T_05_05_1_1_01,Q,2008,2,house_existing,0,129.0,311168.0,311168000.0,0000
T_05_05_1_1_01,Q,2008,2,house_new,0,39.0,50973.0,50973000.0,0000
T_05_05_1_1_01,Q,2008,2,land,0,49.0,27400.0,27400000.0,0000
T_05_05_1_1_01,Q,2008,2,mixed,0,28.0,163067.0,163067000.0,0000
T_05_05_1_1_01,Q,2008,2,multi_unit,0,59.0,305391.0,305391000.0,0000
T_05_05_1_1_01,Q,2008,2,ppe,0,311.0,291383.0,291383000.0,0000
T_05_05_1_1_01,Q,2008,2,ppe_existing,0,214.0,205150.0,205150000.0,0000
T_05_05_1_1_01,Q,2008,2,ppe_new,0,97.0,86233.0,86233000.0,0000
T_05_05_1_1_01,Q,2008,3,commercial,0,21.0,224317.0,224317000.0,0000
T_05_05_1_1_01,Q,2008,3,house,0,157.0,344769.0,344769000.0,0000
T_05_05_1_1_01,Q,2008,3,house_existing,0,130.0,305828.0,305828000.0,0000
T_05_05_1_1_01,Q,2008,3,house_new,0,27.0,38941.0,38941000.0,0000
T_05_05_1_1_01,Q,2008,3,land,0,48.0,21397.0,21397000.0,0000
T_05_05_1_1_01,Q,2008,3,mixed,0,18.0,68368.0,68368000.0,0000
T_05_05_1_1_01,Q,2008,3,multi_unit,0,38.0,201441.0,201441000.0,0000
T_05_05_1_1_01,Q,2008,3,ppe,0,292.0,265617.0,265617000.0,0000
T_05_05_1_1_01,Q,2008,3,ppe_existing,0,205.0,198214.0,198214000.0,0000
T_05_05_1_1_01,Q,2008,3,ppe_new,0,87.0,67403.0,67403000.0,0000
T_05_05_1_1_01,Q,2008,4,commercial,0,28.0,161253.0,161253000.0,0000
T_05_05_1_1_01,Q,2008,4,house,0,139.0,405079.0,405079000.0,0000
T_05_05_1_1_01,Q,2008,4,house_existing,0,118.0,372842.0,372842000.0,0000
T_05_05_1_1_01,Q,2008,4,house_new,0,21.0,32237.0,32237000.0,0000
T_05_05_1_1_01,Q,2008,4,land,0,54.0,24877.0,24877000.0,0000
T_05_05_1_1_01,Q,2008,4,mixed,0,29.0,211200.0,211200000.0,0000
T_05_05_1_1_01,Q,2008,4,multi_unit,0,35.0,128510.0,128510000.0,0000
T_05_05_1_1_01,Q,2008,4,ppe,0,295.0,329434.0,329434000.0,0000
T_05_05_1_1_01,Q,2008,4,ppe_existing,0,204.0,249884.0,249884000.0,0000
T_05_05_1_1_01,Q,2008,4,ppe_new,0,91.0,79550.0,79550000.0,0000
T_05_05_1_1_01,Q,2009,1,commercial,0,11.0,32894.0,32894000.0,0000
T_05_05_1_1_01,Q,2009,1,house,0,106.0,241043.0,241043000.0,0000
T_05_05_1_1_01,Q,2009,1,house_existing,0,89.0,220715.0,220715000.0,0000
T_05_05_1_1_01,Q,2009,1,house_new,0,17.0,20328.0,20328000.0,0000
T_05_05_1_1_01,Q,2009,1,land,0,39.0,28772.0,28772000.0,0000
T_05_05_1_1_01,Q,2009,1,mixed,0,15.0,71280.0,71280000.0,0000
T_05_05_1_1_01,Q,2009,1,multi_unit,0,14.0,61663.0,61663000.0,0000
T_05_05_1_1_01,Q,2009,1,ppe,0,257.0,211586.0,211586000.0,0000
T_05_05_1_1_01,Q,2009,1,ppe_existing,0,162.0,128057.0,128057000.0,0000
T_05_05_1_1_01,Q,2009,1,ppe_new,0,95.0,83529.0,83529000.0,0000
T_05_05_1_1_01,Q,2009,2,commercial,0,5.0,15126.0,15126000.0,0000
T_05_05_1_1_01,Q,2009,2,house,0,148.0,298774.0,298774000.0,0000
T_05_05_1_1_01,Q,2009,2,house_existing,0,119.0,249724.0,249724000.0,0000
T_05_05_1_1_01,Q,2009,2,house_new,0,29.0,49050.0,49050000.0,0000
T_05_05_1_1_01,Q,2009,2,land,0,46.0,15695.0,15695000.0,0000
T_05_05_1_1_01,Q,2009,2,mixed,0,15.0,77342.0,77342000.0,0000
T_05_05_1_1_01,Q,2009,2,multi_unit,0,28.0,105907.0,105907000.0,0000
T_05_05_1_1_01,Q,2009,2,ppe,0,263.0,276947.0,276947000.0,0000
T_05_05_1_1_01,Q,2009,2,ppe_existing,0,203.0,206486.0,206486000.0,0000
T_05_05_1_1_01,Q,2009,2,ppe_new,0,60.0,70461.0,70461000.0,0000
T_05_05_1_1_01,Q,2009,3,commercial,0,12.0,105864.0,105864000.0,0000
T_05_05_1_1_01,Q,2009,3,house,0,149.0,339375.0,339375000.0,0000
T_05_05_1_1_01,Q,2009,3,house_existing,0,133.0,313722.0,313722000.0,0000
T_05_05_1_1_01,Q,2009,3,house_new,0,16.0,25653.0,25653000.0,0000
T_05_05_1_1_01,Q,2009,3,land,0,49.0,17132.0,17132000.0,0000
T_05_05_1_1_01,Q,2009,3,mixed,0,7.0,40645.0,40645000.0,0000
T_05_05_1_1_01,Q,2009,3,multi_unit,0,27.0,123289.0,123289000.0,0000
T_05_05_1_1_01,Q,2009,3,ppe,0,275.0,264618.0,264618000.0,0000
T_05_05_1_1_01,Q,2009,3,ppe_existing,0,204.0,193191.0,193191000.0,0000
T_05_05_1_1_01,Q,2009,3,ppe_new,0,71.0,71427.0,71427000.0,0000
T_05_05_1_1_01,Q,2009,4,commercial,0,17.0,292716.0,292716000.0,0000
T_05_05_1_1_01,Q,2009,4,house,0,158.0,392460.0,392460000.0,0000
T_05_05_1_1_01,Q,2009,4,house_existing,0,122.0,333543.0,333543000.0,0000
T_05_05_1_1_01,Q,2009,4,house_new,0,36.0,58917.0,58917000.0,0000
T_05_05_1_1_01,Q,2009,4,land,0,31.0,15241.0,15241000.0,0000
T_05_05_1_1_01,Q,2009,4,mixed,0,14.0,167217.0,167217000.0,0000
T_05_05_1_1_01,Q,2009,4,multi_unit,0,32.0,283435.0,283435000.0,0000
T_05_05_1_1_01,Q,2009,4,ppe,0,306.0,312888.0,312888000.0,0000
T_05_05_1_1_01,Q,2009,4,ppe_existing,0,187.0,211419.0,211419000.0,0000
T_05_05_1_1_01,Q,2009,4,ppe_new,0,119.0,101469.0,101469000.0,0000
T_05_05_1_1_01,Q,2010,1,commercial,0,14.0,194411.0,194411000.0,0000
T_05_05_1_1_01,Q,2010,1,house,0,112.0,342701.0,342701000.0,0000
T_05_05_1_1_01,Q,2010,1,house_existing,0,99.0,285642.0,285642000.0,0000
T_05_05_1_1_01,Q,2010,1,house_new,0,13.0,57059.0,57059000.0,0000
T_05_05_1_1_01,Q,2010,1,land,0,31.0,25970.0,25970000.0,0000
T_05_05_1_1_01,Q,2010,1,mixed,0,16.0,118467.0,118467000.0,0000
T_05_05_1_1_01,Q,2010,1,multi_unit,0,23.0,121404.0,121404000.0,0000
T_05_05_1_1_01,Q,2010,1,ppe,0,258.0,284071.0,284071000.0,0000
T_05_05_1_1_01,Q,2010,1,ppe_existing,0,183.0,212090.0,212090000.0,0000
T_05_05_1_1_01,Q,2010,1,ppe_new,0,75.0,71981.0,71981000.0,0000
T_05_05_1_1_01,Q,2010,2,commercial,0,7.0,14411.0,14411000.0,0000
T_05_05_1_1_01,Q,2010,2,house,0,150.0,438308.0,438308000.0,0000
T_05_05_1_1_01,Q,2010,2,house_existing,0,121.0,375713.0,375713000.0,0000
T_05_05_1_1_01,Q,2010,2,house_new,0,29.0,62595.0,62595000.0,0000
T_05_05_1_1_01,Q,2010,2,land,0,113.0,49691.0,49691000.0,0000
T_05_05_1_1_01,Q,2010,2,mixed,0,16.0,132986.0,132986000.0,0000
T_05_05_1_1_01,Q,2010,2,multi_unit,0,13.0,158962.0,158962000.0,0000
T_05_05_1_1_01,Q,2010,2,ppe,0,286.0,328185.0,328185000.0,0000
T_05_05_1_1_01,Q,2010,2,ppe_existing,0,175.0,222868.0,222868000.0,0000
T_05_05_1_1_01,Q,2010,2,ppe_new,0,111.0,105317.0,105317000.0,0000
T_05_05_1_1_01,Q,2010,3,commercial,0,21.0,231285.0,231285000.0,0000
T_05_05_1_1_01,Q,2010,3,house,0,176.0,436848.0,436848000.0,0000
T_05_05_1_1_01,Q,2010,3,house_existing,0,154.0,391851.0,391851000.0,0000
T_05_05_1_1_01,Q,2010,3,house_new,0,22.0,44997.0,44997000.0,0000
T_05_05_1_1_01,Q,2010,3,land,0,73.0,57485.0,57485000.0,0000
T_05_05_1_1_01,Q,2010,3,mixed,0,11.0,88184.0,88184000.0,0000
T_05_05_1_1_01,Q,2010,3,multi_unit,0,15.0,89604.0,89604000.0,0000
T_05_05_1_1_01,Q,2010,3,ppe,0,349.0,388686.0,388686000.0,0000
T_05_05_1_1_01,Q,2010,3,ppe_existing,0,168.0,200086.0,200086000.0,0000
T_05_05_1_1_01,Q,2010,3,ppe_new,0,181.0,188600.0,188600000.0,0000
T_05_05_1_1_01,Q,2010,4,commercial,0,18.0,93145.0,93145000.0,0000
T_05_05_1_1_01,Q,2010,4,house,0,143.0,329145.0,329145000.0,0000
T_05_05_1_1_01,Q,2010,4,house_existing,0,118.0,282781.0,282781000.0,0000
T_05_05_1_1_01,Q,2010,4,house_new,0,25.0,46364.0,46364000.0,0000
T_05_05_1_1_01,Q,2010,4,land,0,49.0,28580.0,28580000.0,0000
T_05_05_1_1_01,Q,2010,4,mixed,0,19.0,105499.0,105499000.0,0000
T_05_05_1_1_01,Q,2010,4,multi_unit,0,22.0,85353.0,85353000.0,0000
T_05_05_1_1_01,Q,2010,4,ppe,0,414.0,424927.0,424927000.0,0000
T_05_05_1_1_01,Q,2010,4,ppe_existing,0,171.0,213393.0,213393000.0,0000
T_05_05_1_1_01,Q,2010,4,ppe_new,0,243.0,211534.0,211534000.0,0000
T_05_05_1_1_01,Q,2011,1,commercial,0,5.0,42120.0,42120000.0,0000
T_05_05_1_1_01,Q,2011,1,house,0,128.0,274385.0,274385000.0,0000
T_05_05_1_1_01,Q,2011,1,house_existing,0,94.0,205278.0,205278000.0,0000
T_05_05_1_1_01,Q,2011,1,house_new,0,34.0,69107.0,69107000.0,0000
T_05_05_1_1_01,Q,2011,1,land,0,37.0,35500.0,35500000.0,0000
T_05_05_1_1_01,Q,2011,1,mixed,0,10.0,106570.0,106570000.0,0000
T_05_05_1_1_01,Q,2011,1,multi_unit,0,12.0,60048.0,60048000.0,0000
T_05_05_1_1_01,Q,2011,1,ppe,0,199.0,245037.0,245037000.0,0000
T_05_05_1_1_01,Q,2011,1,ppe_existing,0,152.0,201667.0,201667000.0,0000
T_05_05_1_1_01,Q,2011,1,ppe_new,0,47.0,43370.0,43370000.0,0000
T_05_05_1_1_01,Q,2011,2,commercial,0,13.0,327495.0,327495000.0,0000
T_05_05_1_1_01,Q,2011,2,house,0,199.0,482842.0,482842000.0,0000
T_05_05_1_1_01,Q,2011,2,house_existing,0,134.0,401295.0,401295000.0,0000
T_05_05_1_1_01,Q,2011,2,house_new,0,65.0,81547.0,81547000.0,0000
T_05_05_1_1_01,Q,2011,2,land,0,34.0,30895.0,30895000.0,0000
T_05_05_1_1_01,Q,2011,2,mixed,0,10.0,81083.0,81083000.0,0000
T_05_05_1_1_01,Q,2011,2,multi_unit,0,14.0,67077.0,67077000.0,0000
T_05_05_1_1_01,Q,2011,2,ppe,0,314.0,421515.0,421515000.0,0000
T_05_05_1_1_01,Q,2011,2,ppe_existing,0,191.0,268346.0,268346000.0,0000
T_05_05_1_1_01,Q,2011,2,ppe_new,0,123.0,153169.0,153169000.0,0000
T_05_05_1_1_01,Q,2011,3,commercial,0,9.0,226082.0,226082000.0,0000
T_05_05_1_1_01,Q,2011,3,house,0,149.0,380558.0,380558000.0,0000
T_05_05_1_1_01,Q,2011,3,house_existing,0,133.0,304686.0,304686000.0,0000
T_05_05_1_1_01,Q,2011,3,house_new,0,16.0,75872.0,75872000.0,0000
T_05_05_1_1_01,Q,2011,3,land,0,40.0,11693.0,11693000.0,0000
T_05_05_1_1_01,Q,2011,3,mixed,0,12.0,81260.0,81260000.0,0000
T_05_05_1_1_01,Q,2011,3,multi_unit,0,22.0,80949.0,80949000.0,0000
T_05_05_1_1_01,Q,2011,3,ppe,0,233.0,295469.0,295469000.0,0000
T_05_05_1_1_01,Q,2011,3,ppe_existing,0,146.0,201961.0,201961000.0,0000
T_05_05_1_1_01,Q,2011,3,ppe_new,0,87.0,93508.0,93508000.0,0000
T_05_05_1_1_01,Q,2011,4,commercial,0,16.0,214843.0,214843000.0,0000
T_05_05_1_1_01,Q,2011,4,house,0,175.0,481278.0,481278000.0,0000
T_05_05_1_1_01,Q,2011,4,house_existing,0,146.0,424621.0,424621000.0,0000
T_05_05_1_1_01,Q,2011,4,house_new,0,29.0,56657.0,56657000.0,0000
T_05_05_1_1_01,Q,2011,4,land,0,51.0,41746.0,41746000.0,0000
T_05_05_1_1_01,Q,2011,4,mixed,0,15.0,131474.0,131474000.0,0000
T_05_05_1_1_01,Q,2011,4,multi_unit,0,17.0,80476.0,80476000.0,0000
T_05_05_1_1_01,Q,2011,4,ppe,0,248.0,324422.0,324422000.0,0000
T_05_05_1_1_01,Q,2011,4,ppe_existing,0,185.0,231833.0,231833000.0,0000
T_05_05_1_1_01,Q,2011,4,ppe_new,0,63.0,92589.0,92589000.0,0000
T_05_05_1_1_01,Q,2012,1,commercial,0,12.0,99011.0,99011000.0,0000
T_05_05_1_1_01,Q,2012,1,house,0,88.0,263970.0,263970000.0,0000
T_05_05_1_1_01,Q,2012,1,house_existing,0,82.0,230245.0,230245000.0,0000
T_05_05_1_1_01,Q,2012,1,house_new,0,6.0,33725.0,33725000.0,0000
T_05_05_1_1_01,Q,2012,1,land,0,40.0,15890.0,15890000.0,0000
T_05_05_1_1_01,Q,2012,1,mixed,0,8.0,31435.0,31435000.0,0000
T_05_05_1_1_01,Q,2012,1,multi_unit,0,18.0,92400.0,92400000.0,0000
T_05_05_1_1_01,Q,2012,1,ppe,0,239.0,366502.0,366502000.0,0000
T_05_05_1_1_01,Q,2012,1,ppe_existing,0,143.0,225561.0,225561000.0,0000
T_05_05_1_1_01,Q,2012,1,ppe_new,0,96.0,140941.0,140941000.0,0000
T_05_05_1_1_01,Q,2012,2,commercial,0,12.0,156959.0,156959000.0,0000
T_05_05_1_1_01,Q,2012,2,house,0,134.0,334713.0,334713000.0,0000
T_05_05_1_1_01,Q,2012,2,house_existing,0,113.0,300160.0,300160000.0,0000
T_05_05_1_1_01,Q,2012,2,house_new,0,21.0,34553.0,34553000.0,0000
T_05_05_1_1_01,Q,2012,2,land,0,26.0,25707.0,25707000.0,0000
T_05_05_1_1_01,Q,2012,2,mixed,0,12.0,90234.0,90234000.0,0000
T_05_05_1_1_01,Q,2012,2,multi_unit,0,27.0,115983.0,115983000.0,0000
T_05_05_1_1_01,Q,2012,2,ppe,0,345.0,424964.0,424964000.0,0000
T_05_05_1_1_01,Q,2012,2,ppe_existing,0,173.0,234853.0,234853000.0,0000
T_05_05_1_1_01,Q,2012,2,ppe_new,0,172.0,190111.0,190111000.0,0000
T_05_05_1_1_01,Q,2012,3,commercial,0,16.0,255899.0,255899000.0,0000
T_05_05_1_1_01,Q,2012,3,house,0,111.0,285614.0,285614000.0,0000
T_05_05_1_1_01,Q,2012,3,house_existing,0,101.0,262586.0,262586000.0,0000
T_05_05_1_1_01,Q,2012,3,house_new,0,10.0,23028.0,23028000.0,0000
T_05_05_1_1_01,Q,2012,3,land,0,20.0,11505.0,11505000.0,0000
T_05_05_1_1_01,Q,2012,3,mixed,0,11.0,74265.0,74265000.0,0000
T_05_05_1_1_01,Q,2012,3,multi_unit,0,20.0,175542.0,175542000.0,0000
T_05_05_1_1_01,Q,2012,3,ppe,0,223.0,301946.0,301946000.0,0000
T_05_05_1_1_01,Q,2012,3,ppe_existing,0,142.0,209394.0,209394000.0,0000
T_05_05_1_1_01,Q,2012,3,ppe_new,0,81.0,92552.0,92552000.0,0000
T_05_05_1_1_01,Q,2012,4,commercial,0,19.0,279179.0,279179000.0,0000
T_05_05_1_1_01,Q,2012,4,house,0,143.0,411691.0,411691000.0,0000
T_05_05_1_1_01,Q,2012,4,house_existing,0,122.0,358772.0,358772000.0,0000
T_05_05_1_1_01,Q,2012,4,house_new,0,21.0,52919.0,52919000.0,0000
T_05_05_1_1_01,Q,2012,4,land,0,37.0,36492.0,36492000.0,0000
T_05_05_1_1_01,Q,2012,4,mixed,0,17.0,109119.0,109119000.0,0000
T_05_05_1_1_01,Q,2012,4,multi_unit,0,30.0,162341.0,162341000.0,0000
T_05_05_1_1_01,Q,2012,4,ppe,0,276.0,342042.0,342042000.0,0000
T_05_05_1_1_01,Q,2012,4,ppe_existing,0,176.0,205311.0,205311000.0,0000
T_05_05_1_1_01,Q,2012,4,ppe_new,0,100.0,136731.0,136731000.0,0000
T_05_05_1_1_01,Q,2013,1,commercial,0,6.0,38840.0,38840000.0,0000
T_05_05_1_1_01,Q,2013,1,house,0,115.0,270741.0,270741000.0,0000
T_05_05_1_1_01,Q,2013,1,house_existing,0,88.0,224217.0,224217000.0,0000
T_05_05_1_1_01,Q,2013,1,house_new,0,27.0,46524.0,46524000.0,0000
T_05_05_1_1_01,Q,2013,1,land,0,32.0,34965.0,34965000.0,0000
T_05_05_1_1_01,Q,2013,1,mixed,0,14.0,307616.0,307616000.0,0000
T_05_05_1_1_01,Q,2013,1,multi_unit,0,19.0,103629.0,103629000.0,0000
T_05_05_1_1_01,Q,2013,1,ppe,0,189.0,287065.0,287065000.0,0000
T_05_05_1_1_01,Q,2013,1,ppe_existing,0,125.0,213090.0,213090000.0,0000
T_05_05_1_1_01,Q,2013,1,ppe_new,0,64.0,73975.0,73975000.0,0000
T_05_05_1_1_01,Q,2013,2,commercial,0,7.0,166100.0,166100000.0,0000
T_05_05_1_1_01,Q,2013,2,house,0,131.0,287376.0,287376000.0,0000
T_05_05_1_1_01,Q,2013,2,house_existing,0,116.0,250729.0,250729000.0,0000
T_05_05_1_1_01,Q,2013,2,house_new,0,15.0,36647.0,36647000.0,0000
T_05_05_1_1_01,Q,2013,2,land,0,33.0,13961.0,13961000.0,0000
T_05_05_1_1_01,Q,2013,2,mixed,0,5.0,60971.0,60971000.0,0000
T_05_05_1_1_01,Q,2013,2,multi_unit,0,11.0,42080.0,42080000.0,0000
T_05_05_1_1_01,Q,2013,2,ppe,0,171.0,209476.0,209476000.0,0000
T_05_05_1_1_01,Q,2013,2,ppe_existing,0,135.0,160125.0,160125000.0,0000
T_05_05_1_1_01,Q,2013,2,ppe_new,0,36.0,49351.0,49351000.0,0000
T_05_05_1_1_01,Q,2013,3,commercial,0,9.0,271304.0,271304000.0,0000
T_05_05_1_1_01,Q,2013,3,house,0,126.0,357904.0,357904000.0,0000
T_05_05_1_1_01,Q,2013,3,house_existing,0,111.0,333067.0,333067000.0,0000
T_05_05_1_1_01,Q,2013,3,house_new,0,15.0,24837.0,24837000.0,0000
T_05_05_1_1_01,Q,2013,3,land,0,32.0,13889.0,13889000.0,0000
T_05_05_1_1_01,Q,2013,3,mixed,0,9.0,47918.0,47918000.0,0000
T_05_05_1_1_01,Q,2013,3,multi_unit,0,13.0,66470.0,66470000.0,0000
T_05_05_1_1_01,Q,2013,3,ppe,0,225.0,301889.0,301889000.0,0000
T_05_05_1_1_01,Q,2013,3,ppe_existing,0,150.0,197184.0,197184000.0,0000
T_05_05_1_1_01,Q,2013,3,ppe_new,0,75.0,104705.0,104705000.0,0000
T_05_05_1_1_01,Q,2013,4,commercial,0,7.0,115645.0,115645000.0,0000
T_05_05_1_1_01,Q,2013,4,house,0,172.0,356832.0,356832000.0,0000
T_05_05_1_1_01,Q,2013,4,house_existing,0,121.0,274535.0,274535000.0,0000
T_05_05_1_1_01,Q,2013,4,house_new,0,51.0,82297.0,82297000.0,0000
T_05_05_1_1_01,Q,2013,4,land,0,43.0,47431.0,47431000.0,0000
T_05_05_1_1_01,Q,2013,4,mixed,0,17.0,93152.0,93152000.0,0000
T_05_05_1_1_01,Q,2013,4,multi_unit,0,25.0,132864.0,132864000.0,0000
T_05_05_1_1_01,Q,2013,4,ppe,0,303.0,368178.0,368178000.0,0000
T_05_05_1_1_01,Q,2013,4,ppe_existing,0,168.0,190250.0,190250000.0,0000
T_05_05_1_1_01,Q,2013,4,ppe_new,0,135.0,177928.0,177928000.0,0000
T_05_05_1_1_01,Q,2014,1,commercial,0,11.0,173752.0,173752000.0,0000
T_05_05_1_1_01,Q,2014,1,house,0,106.0,280431.0,280431000.0,0000
T_05_05_1_1_01,Q,2014,1,house_existing,0,86.0,251415.0,251415000.0,0000
T_05_05_1_1_01,Q,2014,1,house_new,0,20.0,29016.0,29016000.0,0000
T_05_05_1_1_01,Q,2014,1,land,0,43.0,19821.0,19821000.0,0000
T_05_05_1_1_01,Q,2014,1,mixed,0,10.0,71618.0,71618000.0,0000
T_05_05_1_1_01,Q,2014,1,multi_unit,0,20.0,100295.0,100295000.0,0000
T_05_05_1_1_01,Q,2014,1,ppe,0,228.0,311896.0,311896000.0,0000
T_05_05_1_1_01,Q,2014,1,ppe_existing,0,116.0,175408.0,175408000.0,0000
T_05_05_1_1_01,Q,2014,1,ppe_new,0,112.0,136488.0,136488000.0,0000
T_05_05_1_1_01,Q,2014,2,commercial,0,11.0,80982.0,80982000.0,0000
T_05_05_1_1_01,Q,2014,2,house,0,131.0,384829.0,384829000.0,0000
T_05_05_1_1_01,Q,2014,2,house_existing,0,105.0,323307.0,323307000.0,0000
T_05_05_1_1_01,Q,2014,2,house_new,0,26.0,61522.0,61522000.0,0000
T_05_05_1_1_01,Q,2014,2,land,0,47.0,22413.0,22413000.0,0000
T_05_05_1_1_01,Q,2014,2,mixed,0,8.0,47053.0,47053000.0,0000
T_05_05_1_1_01,Q,2014,2,multi_unit,0,14.0,81994.0,81994000.0,0000
T_05_05_1_1_01,Q,2014,2,ppe,0,219.0,256559.0,256559000.0,0000
T_05_05_1_1_01,Q,2014,2,ppe_existing,0,146.0,173523.0,173523000.0,0000
T_05_05_1_1_01,Q,2014,2,ppe_new,0,73.0,83036.0,83036000.0,0000
T_05_05_1_1_01,Q,2014,3,commercial,0,6.0,85206.0,85206000.0,0000
T_05_05_1_1_01,Q,2014,3,house,0,146.0,321193.0,321193000.0,0000
T_05_05_1_1_01,Q,2014,3,house_existing,0,116.0,268966.0,268966000.0,0000
T_05_05_1_1_01,Q,2014,3,house_new,0,30.0,52227.0,52227000.0,0000
T_05_05_1_1_01,Q,2014,3,land,0,31.0,102443.0,102443000.0,0000
T_05_05_1_1_01,Q,2014,3,mixed,0,7.0,72628.0,72628000.0,0000
T_05_05_1_1_01,Q,2014,3,multi_unit,0,13.0,66617.0,66617000.0,0000
T_05_05_1_1_01,Q,2014,3,ppe,0,286.0,350554.0,350554000.0,0000
T_05_05_1_1_01,Q,2014,3,ppe_existing,0,163.0,207188.0,207188000.0,0000
T_05_05_1_1_01,Q,2014,3,ppe_new,0,123.0,143366.0,143366000.0,0000
T_05_05_1_1_01,Q,2014,4,commercial,0,9.0,42489.0,42489000.0,0000
T_05_05_1_1_01,Q,2014,4,house,0,180.0,355819.0,355819000.0,0000
T_05_05_1_1_01,Q,2014,4,house_existing,0,124.0,263120.0,263120000.0,0000
T_05_05_1_1_01,Q,2014,4,house_new,0,56.0,92699.0,92699000.0,0000
T_05_05_1_1_01,Q,2014,4,land,0,58.0,16697.0,16697000.0,0000
T_05_05_1_1_01,Q,2014,4,mixed,0,24.0,171069.0,171069000.0,0000
T_05_05_1_1_01,Q,2014,4,multi_unit,0,52.0,248237.0,248237000.0,0000
T_05_05_1_1_01,Q,2014,4,ppe,0,456.0,571021.0,571021000.0,0000
T_05_05_1_1_01,Q,2014,4,ppe_existing,0,171.0,221340.0,221340000.0,0000
T_05_05_1_1_01,Q,2014,4,ppe_new,0,285.0,349681.0,349681000.0,0000
T_05_05_1_1_01,Q,2015,1,commercial,0,5.0,625250.0,625250000.0,0000
T_05_05_1_1_01,Q,2015,1,house,0,170.0,369964.0,369964000.0,0000
T_05_05_1_1_01,Q,2015,1,house_existing,0,119.0,288372.0,288372000.0,0000
T_05_05_1_1_01,Q,2015,1,house_new,0,51.0,81592.0,81592000.0,0000
T_05_05_1_1_01,Q,2015,1,land,0,34.0,17061.0,17061000.0,0000
T_05_05_1_1_01,Q,2015,1,mixed,0,18.0,198185.0,198185000.0,0000
T_05_05_1_1_01,Q,2015,1,multi_unit,0,22.0,115671.0,115671000.0,0000
T_05_05_1_1_01,Q,2015,1,ppe,0,332.0,389739.0,389739000.0,0000
T_05_05_1_1_01,Q,2015,1,ppe_existing,0,173.0,198331.0,198331000.0,0000
T_05_05_1_1_01,Q,2015,1,ppe_new,0,159.0,191408.0,191408000.0,0000
T_05_05_1_1_01,Q,2015,2,commercial,0,11.0,353226.0,353226000.0,0000
T_05_05_1_1_01,Q,2015,2,house,0,144.0,330458.0,330458000.0,0000
T_05_05_1_1_01,Q,2015,2,house_existing,0,112.0,275657.0,275657000.0,0000
T_05_05_1_1_01,Q,2015,2,house_new,0,32.0,54801.0,54801000.0,0000
T_05_05_1_1_01,Q,2015,2,land,0,46.0,14823.0,14823000.0,0000
T_05_05_1_1_01,Q,2015,2,mixed,0,15.0,86585.0,86585000.0,0000
T_05_05_1_1_01,Q,2015,2,multi_unit,0,18.0,77997.0,77997000.0,0000
T_05_05_1_1_01,Q,2015,2,ppe,0,299.0,320059.0,320059000.0,0000
T_05_05_1_1_01,Q,2015,2,ppe_existing,0,164.0,185789.0,185789000.0,0000
T_05_05_1_1_01,Q,2015,2,ppe_new,0,135.0,134270.0,134270000.0,0000
T_05_05_1_1_01,Q,2015,3,commercial,0,9.0,104373.0,104373000.0,0000
T_05_05_1_1_01,Q,2015,3,house,0,170.0,385236.0,385236000.0,0000
T_05_05_1_1_01,Q,2015,3,house_existing,0,127.0,321632.0,321632000.0,0000
T_05_05_1_1_01,Q,2015,3,house_new,0,43.0,63604.0,63604000.0,0000
T_05_05_1_1_01,Q,2015,3,land,0,54.0,56442.0,56442000.0,0000
T_05_05_1_1_01,Q,2015,3,mixed,0,10.0,111938.0,111938000.0,0000
T_05_05_1_1_01,Q,2015,3,multi_unit,0,17.0,71942.0,71942000.0,0000
T_05_05_1_1_01,Q,2015,3,ppe,0,361.0,411359.0,411359000.0,0000
T_05_05_1_1_01,Q,2015,3,ppe_existing,0,146.0,215459.0,215459000.0,0000
T_05_05_1_1_01,Q,2015,3,ppe_new,0,215.0,195900.0,195900000.0,0000
T_05_05_1_1_01,Q,2015,4,commercial,0,69.0,538047.0,538047000.0,0000
T_05_05_1_1_01,Q,2015,4,house,0,230.0,433352.0,433352000.0,0000
T_05_05_1_1_01,Q,2015,4,house_existing,0,166.0,340727.0,340727000.0,0000
T_05_05_1_1_01,Q,2015,4,house_new,0,64.0,92625.0,92625000.0,0000
T_05_05_1_1_01,Q,2015,4,land,0,97.0,40102.0,40102000.0,0000
T_05_05_1_1_01,Q,2015,4,mixed,0,14.0,90630.0,90630000.0,0000
T_05_05_1_1_01,Q,2015,4,multi_unit,0,22.0,94260.0,94260000.0,0000
T_05_05_1_1_01,Q,2015,4,ppe,0,464.0,462432.0,462432000.0,0000
T_05_05_1_1_01,Q,2015,4,ppe_existing,0,188.0,213990.0,213990000.0,0000
T_05_05_1_1_01,Q,2015,4,ppe_new,0,276.0,248442.0,248442000.0,0000
T_05_05_1_1_01,Q,2016,1,commercial,0,4.0,18700.0,18700000.0,0000
T_05_05_1_1_01,Q,2016,1,house,0,150.0,335526.0,335526000.0,0000
T_05_05_1_1_01,Q,2016,1,house_existing,0,112.0,272469.0,272469000.0,0000
T_05_05_1_1_01,Q,2016,1,house_new,0,38.0,63057.0,63057000.0,0000
T_05_05_1_1_01,Q,2016,1,land,0,35.0,71355.0,71355000.0,0000
T_05_05_1_1_01,Q,2016,1,mixed,0,10.0,103507.0,103507000.0,0000
T_05_05_1_1_01,Q,2016,1,multi_unit,0,18.0,105809.0,105809000.0,0000
T_05_05_1_1_01,Q,2016,1,ppe,0,228.0,281855.0,281855000.0,0000
T_05_05_1_1_01,Q,2016,1,ppe_existing,0,151.0,198218.0,198218000.0,0000
T_05_05_1_1_01,Q,2016,1,ppe_new,0,77.0,83637.0,83637000.0,0000
T_05_05_1_1_01,Q,2016,2,commercial,0,7.0,130929.0,130929000.0,0000
T_05_05_1_1_01,Q,2016,2,house,0,199.0,382963.0,382963000.0,0000
T_05_05_1_1_01,Q,2016,2,house_existing,0,146.0,298738.0,298738000.0,0000
T_05_05_1_1_01,Q,2016,2,house_new,0,53.0,84225.0,84225000.0,0000
T_05_05_1_1_01,Q,2016,2,land,0,51.0,69798.0,69798000.0,0000
T_05_05_1_1_01,Q,2016,2,mixed,0,9.0,72872.0,72872000.0,0000
T_05_05_1_1_01,Q,2016,2,multi_unit,0,14.0,68301.0,68301000.0,0000
T_05_05_1_1_01,Q,2016,2,ppe,0,353.0,361648.0,361648000.0,0000
T_05_05_1_1_01,Q,2016,2,ppe_existing,0,157.0,188538.0,188538000.0,0000
T_05_05_1_1_01,Q,2016,2,ppe_new,0,196.0,173110.0,173110000.0,0000
T_05_05_1_1_01,Q,2016,3,commercial,0,11.0,90205.0,90205000.0,0000
T_05_05_1_1_01,Q,2016,3,house,0,207.0,480210.0,480210000.0,0000
T_05_05_1_1_01,Q,2016,3,house_existing,0,168.0,423201.0,423201000.0,0000
T_05_05_1_1_01,Q,2016,3,house_new,0,39.0,57009.0,57009000.0,0000
T_05_05_1_1_01,Q,2016,3,land,0,45.0,14136.0,14136000.0,0000
T_05_05_1_1_01,Q,2016,3,mixed,0,14.0,67633.0,67633000.0,0000
T_05_05_1_1_01,Q,2016,3,multi_unit,0,28.0,151506.0,151506000.0,0000
T_05_05_1_1_01,Q,2016,3,ppe,0,420.0,540466.0,540466000.0,0000
T_05_05_1_1_01,Q,2016,3,ppe_existing,0,173.0,222767.0,222767000.0,0000
T_05_05_1_1_01,Q,2016,3,ppe_new,0,247.0,317699.0,317699000.0,0000
T_05_05_1_1_01,Q,2016,4,commercial,0,14.0,365029.0,365029000.0,0000
T_05_05_1_1_01,Q,2016,4,house,0,223.0,481216.0,481216000.0,0000
T_05_05_1_1_01,Q,2016,4,house_existing,0,145.0,369277.0,369277000.0,0000
T_05_05_1_1_01,Q,2016,4,house_new,0,78.0,111939.0,111939000.0,0000
T_05_05_1_1_01,Q,2016,4,land,0,50.0,19971.0,19971000.0,0000
T_05_05_1_1_01,Q,2016,4,mixed,0,23.0,177589.0,177589000.0,0000
T_05_05_1_1_01,Q,2016,4,multi_unit,0,20.0,121976.0,121976000.0,0000
T_05_05_1_1_01,Q,2016,4,ppe,0,406.0,537385.0,537385000.0,0000
T_05_05_1_1_01,Q,2016,4,ppe_existing,0,197.0,312910.0,312910000.0,0000
T_05_05_1_1_01,Q,2016,4,ppe_new,0,209.0,224475.0,224475000.0,0000
T_05_05_1_1_01,Q,2017,1,commercial,0,11.0,176202.0,176202000.0,0000
T_05_05_1_1_01,Q,2017,1,house,0,161.0,308638.0,308638000.0,0000
T_05_05_1_1_01,Q,2017,1,house_existing,0,115.0,220491.0,220491000.0,0000
T_05_05_1_1_01,Q,2017,1,house_new,0,46.0,88147.0,88147000.0,0000
T_05_05_1_1_01,Q,2017,1,land,0,38.0,46539.0,46539000.0,0000
T_05_05_1_1_01,Q,2017,1,mixed,0,15.0,172427.0,172427000.0,0000
T_05_05_1_1_01,Q,2017,1,multi_unit,0,18.0,132683.0,132683000.0,0000
T_05_05_1_1_01,Q,2017,1,ppe,0,277.0,315409.0,315409000.0,0000
T_05_05_1_1_01,Q,2017,1,ppe_existing,0,161.0,191961.0,191961000.0,0000
T_05_05_1_1_01,Q,2017,1,ppe_new,0,116.0,123448.0,123448000.0,0000
T_05_05_1_1_01,Q,2017,2,commercial,0,12.0,122997.0,122997000.0,0000
T_05_05_1_1_01,Q,2017,2,house,0,226.0,506017.0,506017000.0,0000
T_05_05_1_1_01,Q,2017,2,house_existing,0,132.0,353236.0,353236000.0,0000
T_05_05_1_1_01,Q,2017,2,house_new,0,94.0,152781.0,152781000.0,0000
T_05_05_1_1_01,Q,2017,2,land,0,36.0,99102.0,99102000.0,0000
T_05_05_1_1_01,Q,2017,2,mixed,0,16.0,85278.0,85278000.0,0000
T_05_05_1_1_01,Q,2017,2,multi_unit,0,12.0,77590.0,77590000.0,0000
T_05_05_1_1_01,Q,2017,2,ppe,0,257.0,328803.0,328803000.0,0000
T_05_05_1_1_01,Q,2017,2,ppe_existing,0,152.0,225086.0,225086000.0,0000
T_05_05_1_1_01,Q,2017,2,ppe_new,0,105.0,103717.0,103717000.0,0000
T_05_05_1_1_01,Q,2017,3,commercial,0,14.0,212733.0,212733000.0,0000
T_05_05_1_1_01,Q,2017,3,house,0,221.0,486325.0,486325000.0,0000
T_05_05_1_1_01,Q,2017,3,house_existing,0,147.0,379173.0,379173000.0,0000
T_05_05_1_1_01,Q,2017,3,house_new,0,74.0,107152.0,107152000.0,0000
T_05_05_1_1_01,Q,2017,3,land,0,28.0,12534.0,12534000.0,0000
T_05_05_1_1_01,Q,2017,3,mixed,0,14.0,137846.0,137846000.0,0000
T_05_05_1_1_01,Q,2017,3,multi_unit,0,23.0,132014.0,132014000.0,0000
T_05_05_1_1_01,Q,2017,3,ppe,0,291.0,336569.0,336569000.0,0000
T_05_05_1_1_01,Q,2017,3,ppe_existing,0,162.0,196201.0,196201000.0,0000
T_05_05_1_1_01,Q,2017,3,ppe_new,0,129.0,140368.0,140368000.0,0000
T_05_05_1_1_01,Q,2017,4,commercial,0,14.0,642406.0,642406000.0,0000
T_05_05_1_1_01,Q,2017,4,house,0,244.0,525242.0,525242000.0,0000
T_05_05_1_1_01,Q,2017,4,house_existing,0,152.0,388451.0,388451000.0,0000
T_05_05_1_1_01,Q,2017,4,house_new,0,92.0,136791.0,136791000.0,0000
T_05_05_1_1_01,Q,2017,4,land,0,24.0,14983.0,14983000.0,0000
T_05_05_1_1_01,Q,2017,4,mixed,0,17.0,216330.0,216330000.0,0000
T_05_05_1_1_01,Q,2017,4,multi_unit,0,20.0,109765.0,109765000.0,0000
T_05_05_1_1_01,Q,2017,4,ppe,0,338.0,399713.0,399713000.0,0000
T_05_05_1_1_01,Q,2017,4,ppe_existing,0,195.0,237364.0,237364000.0,0000
T_05_05_1_1_01,Q,2017,4,ppe_new,0,143.0,162349.0,162349000.0,0000
T_05_05_1_1_01,Q,2018,1,commercial,0,23.0,473015.0,473015000.0,0000
T_05_05_1_1_01,Q,2018,1,house,0,179.0,410795.0,410795000.0,0000
T_05_05_1_1_01,Q,2018,1,house_existing,0,124.0,323490.0,323490000.0,0000
T_05_05_1_1_01,Q,2018,1,house_new,0,55.0,87305.0,87305000.0,0000
T_05_05_1_1_01,Q,2018,1,land,0,27.0,36150.0,36150000.0,0000
T_05_05_1_1_01,Q,2018,1,mixed,0,12.0,89404.0,89404000.0,0000
T_05_05_1_1_01,Q,2018,1,multi_unit,0,16.0,126979.0,126979000.0,0000
T_05_05_1_1_01,Q,2018,1,ppe,0,288.0,348345.0,348345000.0,0000
T_05_05_1_1_01,Q,2018,1,ppe_existing,0,187.0,238311.0,238311000.0,0000
T_05_05_1_1_01,Q,2018,1,ppe_new,0,101.0,110034.0,110034000.0,0000
T_05_05_1_1_01,Q,2018,2,commercial,0,9.0,159790.0,159790000.0,0000
T_05_05_1_1_01,Q,2018,2,house,0,185.0,457004.0,457004000.0,0000
T_05_05_1_1_01,Q,2018,2,house_existing,0,125.0,366817.0,366817000.0,0000
T_05_05_1_1_01,Q,2018,2,house_new,0,60.0,90187.0,90187000.0,0000
T_05_05_1_1_01,Q,2018,2,land,0,42.0,28113.0,28113000.0,0000
T_05_05_1_1_01,Q,2018,2,mixed,0,12.0,159627.0,159627000.0,0000
T_05_05_1_1_01,Q,2018,2,multi_unit,0,29.0,165892.0,165892000.0,0000
T_05_05_1_1_01,Q,2018,2,ppe,0,289.0,333157.0,333157000.0,0000
T_05_05_1_1_01,Q,2018,2,ppe_existing,0,190.0,235754.0,235754000.0,0000
T_05_05_1_1_01,Q,2018,2,ppe_new,0,99.0,97403.0,97403000.0,0000
T_05_05_1_1_01,Q,2018,3,commercial,0,6.0,96568.0,96568000.0,0000
T_05_05_1_1_01,Q,2018,3,house,0,171.0,384630.0,384630000.0,0000
T_05_05_1_1_01,Q,2018,3,house_existing,0,141.0,335800.0,335800000.0,0000
T_05_05_1_1_01,Q,2018,3,house_new,0,30.0,48830.0,48830000.0,0000
T_05_05_1_1_01,Q,2018,3,land,0,21.0,11264.0,11264000.0,0000
T_05_05_1_1_01,Q,2018,3,mixed,0,15.0,273177.0,273177000.0,0000
T_05_05_1_1_01,Q,2018,3,multi_unit,0,23.0,229589.0,229589000.0,0000
T_05_05_1_1_01,Q,2018,3,ppe,0,260.0,306333.0,306333000.0,0000
T_05_05_1_1_01,Q,2018,3,ppe_existing,0,154.0,202273.0,202273000.0,0000
T_05_05_1_1_01,Q,2018,3,ppe_new,0,106.0,104060.0,104060000.0,0000
T_05_05_1_1_01,Q,2018,4,commercial,0,27.0,605039.0,605039000.0,0000
T_05_05_1_1_01,Q,2018,4,house,0,178.0,442923.0,442923000.0,0000
T_05_05_1_1_01,Q,2018,4,house_existing,0,135.0,375542.0,375542000.0,0000
T_05_05_1_1_01,Q,2018,4,house_new,0,43.0,67381.0,67381000.0,0000
T_05_05_1_1_01,Q,2018,4,land,0,36.0,55718.0,55718000.0,0000
T_05_05_1_1_01,Q,2018,4,mixed,0,25.0,425854.0,425854000.0,0000
T_05_05_1_1_01,Q,2018,4,multi_unit,0,24.0,351308.0,351308000.0,0000
T_05_05_1_1_01,Q,2018,4,ppe,0,431.0,542319.0,542319000.0,0000
T_05_05_1_1_01,Q,2018,4,ppe_existing,0,183.0,216733.0,216733000.0,0000
T_05_05_1_1_01,Q,2018,4,ppe_new,0,248.0,325586.0,325586000.0,0000
T_05_05_1_1_01,Q,2019,1,commercial,0,11.0,189303.0,189303000.0,0000
T_05_05_1_1_01,Q,2019,1,house,0,185.0,387303.0,387303000.0,0000
T_05_05_1_1_01,Q,2019,1,house_existing,0,101.0,236668.0,236668000.0,0000
T_05_05_1_1_01,Q,2019,1,house_new,0,84.0,150635.0,150635000.0,0000
T_05_05_1_1_01,Q,2019,1,land,0,25.0,26107.0,26107000.0,0000
T_05_05_1_1_01,Q,2019,1,mixed,0,10.0,97424.0,97424000.0,0000
T_05_05_1_1_01,Q,2019,1,multi_unit,0,21.0,144705.0,144705000.0,0000
T_05_05_1_1_01,Q,2019,1,ppe,0,236.0,289429.0,289429000.0,0000
T_05_05_1_1_01,Q,2019,1,ppe_existing,0,171.0,209570.0,209570000.0,0000
T_05_05_1_1_01,Q,2019,1,ppe_new,0,65.0,79859.0,79859000.0,0000
T_05_05_1_1_01,Q,2019,2,commercial,0,3.0,96315.0,96315000.0,0000
T_05_05_1_1_01,Q,2019,2,house,0,207.0,468437.0,468437000.0,0000
T_05_05_1_1_01,Q,2019,2,house_existing,0,145.0,352208.0,352208000.0,0000
T_05_05_1_1_01,Q,2019,2,house_new,0,62.0,116229.0,116229000.0,0000
T_05_05_1_1_01,Q,2019,2,land,0,37.0,36824.0,36824000.0,0000
T_05_05_1_1_01,Q,2019,2,mixed,0,17.0,221827.0,221827000.0,0000
T_05_05_1_1_01,Q,2019,2,multi_unit,0,24.0,165493.0,165493000.0,0000
T_05_05_1_1_01,Q,2019,2,ppe,0,377.0,450232.0,450232000.0,0000
T_05_05_1_1_01,Q,2019,2,ppe_existing,0,222.0,280310.0,280310000.0,0000
T_05_05_1_1_01,Q,2019,2,ppe_new,0,155.0,169922.0,169922000.0,0000
T_05_05_1_1_01,Q,2019,3,commercial,0,12.0,161311.0,161311000.0,0000
T_05_05_1_1_01,Q,2019,3,house,0,220.0,430553.0,430553000.0,0000
T_05_05_1_1_01,Q,2019,3,house_existing,0,148.0,320917.0,320917000.0,0000
T_05_05_1_1_01,Q,2019,3,house_new,0,72.0,109636.0,109636000.0,0000
T_05_05_1_1_01,Q,2019,3,land,0,31.0,35870.0,35870000.0,0000
T_05_05_1_1_01,Q,2019,3,mixed,0,9.0,73353.0,73353000.0,0000
T_05_05_1_1_01,Q,2019,3,multi_unit,0,30.0,173344.0,173344000.0,0000
T_05_05_1_1_01,Q,2019,3,ppe,0,355.0,424018.0,424018000.0,0000
T_05_05_1_1_01,Q,2019,3,ppe_existing,0,150.0,205278.0,205278000.0,0000
T_05_05_1_1_01,Q,2019,3,ppe_new,0,205.0,218740.0,218740000.0,0000
T_05_05_1_1_01,Q,2019,4,commercial,0,18.0,389798.0,389798000.0,0000
T_05_05_1_1_01,Q,2019,4,house,0,223.0,514735.0,514735000.0,0000
T_05_05_1_1_01,Q,2019,4,house_existing,0,159.0,407548.0,407548000.0,0000
T_05_05_1_1_01,Q,2019,4,house_new,0,64.0,107187.0,107187000.0,0000
T_05_05_1_1_01,Q,2019,4,land,0,29.0,16840.0,16840000.0,0000
T_05_05_1_1_01,Q,2019,4,mixed,0,17.0,193200.0,193200000.0,0000
T_05_05_1_1_01,Q,2019,4,multi_unit,0,19.0,161833.0,161833000.0,0000
T_05_05_1_1_01,Q,2019,4,ppe,0,362.0,440093.0,440093000.0,0000
T_05_05_1_1_01,Q,2019,4,ppe_existing,0,215.0,249117.0,249117000.0,0000
T_05_05_1_1_01,Q,2019,4,ppe_new,0,147.0,190976.0,190976000.0,0000
T_05_05_1_1_01,Q,2020,1,commercial,0,13.0,314894.0,314894000.0,0000
T_05_05_1_1_01,Q,2020,1,house,0,144.0,509708.0,509708000.0,0000
T_05_05_1_1_01,Q,2020,1,house_existing,0,101.0,389728.0,389728000.0,0000
T_05_05_1_1_01,Q,2020,1,house_new,0,43.0,119980.0,119980000.0,0000
T_05_05_1_1_01,Q,2020,1,land,0,23.0,175639.0,175639000.0,0000
T_05_05_1_1_01,Q,2020,1,mixed,0,18.0,134783.0,134783000.0,0000
T_05_05_1_1_01,Q,2020,1,multi_unit,0,27.0,218905.0,218905000.0,0000
T_05_05_1_1_01,Q,2020,1,ppe,0,397.0,544482.0,544482000.0,0000
T_05_05_1_1_01,Q,2020,1,ppe_existing,0,203.0,328049.0,328049000.0,0000
T_05_05_1_1_01,Q,2020,1,ppe_new,0,194.0,216433.0,216433000.0,0000
T_05_05_1_1_01,Q,2020,2,commercial,0,13.0,123297.0,123297000.0,0000
T_05_05_1_1_01,Q,2020,2,house,0,174.0,375647.0,375647000.0,0000
T_05_05_1_1_01,Q,2020,2,house_existing,0,125.0,289301.0,289301000.0,0000
T_05_05_1_1_01,Q,2020,2,house_new,0,49.0,86346.0,86346000.0,0000
T_05_05_1_1_01,Q,2020,2,land,0,23.0,10942.0,10942000.0,0000
T_05_05_1_1_01,Q,2020,2,mixed,0,14.0,143172.0,143172000.0,0000
T_05_05_1_1_01,Q,2020,2,multi_unit,0,17.0,183935.0,183935000.0,0000
T_05_05_1_1_01,Q,2020,2,ppe,0,306.0,402510.0,402510000.0,0000
T_05_05_1_1_01,Q,2020,2,ppe_existing,0,146.0,215056.0,215056000.0,0000
T_05_05_1_1_01,Q,2020,2,ppe_new,0,160.0,187454.0,187454000.0,0000
T_05_05_1_1_01,Q,2020,3,commercial,0,14.0,687639.0,687639000.0,0000
T_05_05_1_1_01,Q,2020,3,house,0,234.0,584788.0,584788000.0,0000
T_05_05_1_1_01,Q,2020,3,house_existing,0,178.0,494328.0,494328000.0,0000
T_05_05_1_1_01,Q,2020,3,house_new,0,56.0,90460.0,90460000.0,0000
T_05_05_1_1_01,Q,2020,3,land,0,27.0,23007.0,23007000.0,0000
T_05_05_1_1_01,Q,2020,3,mixed,0,15.0,211588.0,211588000.0,0000
T_05_05_1_1_01,Q,2020,3,multi_unit,0,20.0,135774.0,135774000.0,0000
T_05_05_1_1_01,Q,2020,3,ppe,0,435.0,568070.0,568070000.0,0000
T_05_05_1_1_01,Q,2020,3,ppe_existing,0,210.0,297570.0,297570000.0,0000
T_05_05_1_1_01,Q,2020,3,ppe_new,0,225.0,270500.0,270500000.0,0000
T_05_05_1_1_01,Q,2020,4,commercial,0,18.0,397317.0,397317000.0,0000
T_05_05_1_1_01,Q,2020,4,house,0,237.0,730690.0,730690000.0,0000
T_05_05_1_1_01,Q,2020,4,house_existing,0,186.0,626170.0,626170000.0,0000
T_05_05_1_1_01,Q,2020,4,house_new,0,51.0,104520.0,104520000.0,0000
T_05_05_1_1_01,Q,2020,4,land,0,42.0,42215.0,42215000.0,0000
T_05_05_1_1_01,Q,2020,4,mixed,0,29.0,727397.0,727397000.0,0000
T_05_05_1_1_01,Q,2020,4,multi_unit,0,26.0,363121.0,363121000.0,0000
T_05_05_1_1_01,Q,2020,4,ppe,0,402.0,507146.0,507146000.0,0000
T_05_05_1_1_01,Q,2020,4,ppe_existing,0,233.0,360166.0,360166000.0,0000
T_05_05_1_1_01,Q,2020,4,ppe_new,0,169.0,146980.0,146980000.0,0000
T_05_05_1_1_01,Q,2021,1,commercial,0,8.0,755357.0,755357000.0,0000
T_05_05_1_1_01,Q,2021,1,house,0,167.0,585271.0,585271000.0,0000
T_05_05_1_1_01,Q,2021,1,house_existing,0,136.0,500461.0,500461000.0,0000
T_05_05_1_1_01,Q,2021,1,house_new,0,31.0,84810.0,84810000.0,0000
T_05_05_1_1_01,Q,2021,1,land,0,21.0,61149.0,61149000.0,0000
T_05_05_1_1_01,Q,2021,1,mixed,0,22.0,432265.0,432265000.0,0000
T_05_05_1_1_01,Q,2021,1,multi_unit,0,26.0,219863.0,219863000.0,0000
T_05_05_1_1_01,Q,2021,1,ppe,0,307.0,433045.0,433045000.0,0000
T_05_05_1_1_01,Q,2021,1,ppe_existing,0,209.0,333412.0,333412000.0,0000
T_05_05_1_1_01,Q,2021,1,ppe_new,0,98.0,99633.0,99633000.0,0000
T_05_05_1_1_01,Q,2021,2,commercial,0,5.0,85722.0,85722000.0,0000
T_05_05_1_1_01,Q,2021,2,house,0,261.0,829596.0,829596000.0,0000
T_05_05_1_1_01,Q,2021,2,house_existing,0,186.0,672905.0,672905000.0,0000
T_05_05_1_1_01,Q,2021,2,house_new,0,75.0,156691.0,156691000.0,0000
T_05_05_1_1_01,Q,2021,2,land,0,37.0,58535.0,58535000.0,0000
T_05_05_1_1_01,Q,2021,2,mixed,0,13.0,80514.0,80514000.0,0000
T_05_05_1_1_01,Q,2021,2,multi_unit,0,26.0,185198.0,185198000.0,0000
T_05_05_1_1_01,Q,2021,2,ppe,0,419.0,482720.0,482720000.0,0000
T_05_05_1_1_01,Q,2021,2,ppe_existing,0,224.0,293130.0,293130000.0,0000
T_05_05_1_1_01,Q,2021,2,ppe_new,0,195.0,189590.0,189590000.0,0000
T_05_05_1_1_01,Q,2021,3,commercial,0,14.0,404506.0,404506000.0,0000
T_05_05_1_1_01,Q,2021,3,house,0,224.0,745925.0,745925000.0,0000
T_05_05_1_1_01,Q,2021,3,house_existing,0,181.0,655207.0,655207000.0,0000
T_05_05_1_1_01,Q,2021,3,house_new,0,43.0,90718.0,90718000.0,0000
T_05_05_1_1_01,Q,2021,3,land,0,24.0,15555.0,15555000.0,0000
T_05_05_1_1_01,Q,2021,3,mixed,0,11.0,200938.0,200938000.0,0000
T_05_05_1_1_01,Q,2021,3,multi_unit,0,20.0,241217.0,241217000.0,0000
T_05_05_1_1_01,Q,2021,3,ppe,0,404.0,572662.0,572662000.0,0000
T_05_05_1_1_01,Q,2021,3,ppe_existing,0,203.0,299642.0,299642000.0,0000
T_05_05_1_1_01,Q,2021,3,ppe_new,0,201.0,273020.0,273020000.0,0000
T_05_05_1_1_01,Q,2021,4,commercial,0,20.0,767325.0,767325000.0,0000
T_05_05_1_1_01,Q,2021,4,house,0,202.0,614301.0,614301000.0,0000
T_05_05_1_1_01,Q,2021,4,house_existing,0,170.0,521090.0,521090000.0,0000
T_05_05_1_1_01,Q,2021,4,house_new,0,32.0,93211.0,93211000.0,0000
T_05_05_1_1_01,Q,2021,4,land,0,59.0,30498.0,30498000.0,0000
T_05_05_1_1_01,Q,2021,4,mixed,0,36.0,602629.0,602629000.0,0000
T_05_05_1_1_01,Q,2021,4,multi_unit,0,43.0,465184.0,465184000.0,0000
T_05_05_1_1_01,Q,2021,4,ppe,0,529.0,811517.0,811517000.0,0000
T_05_05_1_1_01,Q,2021,4,ppe_existing,0,268.0,431171.0,431171000.0,0000
T_05_05_1_1_01,Q,2021,4,ppe_new,0,261.0,380346.0,380346000.0,0000
T_05_05_1_1_01,Q,2022,1,commercial,0,7.0,215170.0,215170000.0,0000
T_05_05_1_1_01,Q,2022,1,house,0,178.0,559557.0,559557000.0,0000
T_05_05_1_1_01,Q,2022,1,house_existing,0,131.0,435628.0,435628000.0,0000
T_05_05_1_1_01,Q,2022,1,house_new,0,47.0,123929.0,123929000.0,0000
T_05_05_1_1_01,Q,2022,1,land,0,44.0,21695.0,21695000.0,0000
T_05_05_1_1_01,Q,2022,1,mixed,0,30.0,530854.0,530854000.0,0000
T_05_05_1_1_01,Q,2022,1,multi_unit,0,31.0,371925.0,371925000.0,0000
T_05_05_1_1_01,Q,2022,1,ppe,0,605.0,707248.0,707248000.0,0000
T_05_05_1_1_01,Q,2022,1,ppe_existing,0,199.0,313213.0,313213000.0,0000
T_05_05_1_1_01,Q,2022,1,ppe_new,0,406.0,394035.0,394035000.0,0000
T_05_05_1_1_01,Q,2022,2,commercial,0,18.0,346789.0,346789000.0,0000
T_05_05_1_1_01,Q,2022,2,house,0,216.0,705815.0,705815000.0,0000
T_05_05_1_1_01,Q,2022,2,house_existing,0,167.0,576433.0,576433000.0,0000
T_05_05_1_1_01,Q,2022,2,house_new,0,49.0,129382.0,129382000.0,0000
T_05_05_1_1_01,Q,2022,2,land,0,29.0,17485.0,17485000.0,0000
T_05_05_1_1_01,Q,2022,2,mixed,0,19.0,364908.0,364908000.0,0000
T_05_05_1_1_01,Q,2022,2,multi_unit,0,25.0,322414.0,322414000.0,0000
T_05_05_1_1_01,Q,2022,2,ppe,0,391.0,534376.0,534376000.0,0000
T_05_05_1_1_01,Q,2022,2,ppe_existing,0,240.0,338312.0,338312000.0,0000
T_05_05_1_1_01,Q,2022,2,ppe_new,0,151.0,196064.0,196064000.0,0000
T_05_05_1_1_01,Q,2022,3,commercial,0,12.0,285801.0,285801000.0,0000
T_05_05_1_1_01,Q,2022,3,house,0,174.0,559149.0,559149000.0,0000
T_05_05_1_1_01,Q,2022,3,house_existing,0,152.0,500322.0,500322000.0,0000
T_05_05_1_1_01,Q,2022,3,house_new,0,22.0,58827.0,58827000.0,0000
T_05_05_1_1_01,Q,2022,3,land,0,30.0,29826.0,29826000.0,0000
T_05_05_1_1_01,Q,2022,3,mixed,0,15.0,145184.0,145184000.0,0000
T_05_05_1_1_01,Q,2022,3,multi_unit,0,19.0,276287.0,276287000.0,0000
T_05_05_1_1_01,Q,2022,3,ppe,0,353.0,487740.0,487740000.0,0000
T_05_05_1_1_01,Q,2022,3,ppe_existing,0,204.0,297225.0,297225000.0,0000
T_05_05_1_1_01,Q,2022,3,ppe_new,0,149.0,190515.0,190515000.0,0000
T_05_05_1_1_01,Q,2022,4,commercial,0,14.0,349297.0,349297000.0,0000
T_05_05_1_1_01,Q,2022,4,house,0,195.0,512547.0,512547000.0,0000
T_05_05_1_1_01,Q,2022,4,house_existing,0,166.0,453093.0,453093000.0,0000
T_05_05_1_1_01,Q,2022,4,house_new,0,29.0,59454.0,59454000.0,0000
T_05_05_1_1_01,Q,2022,4,land,0,55.0,20244.0,20244000.0,0000
T_05_05_1_1_01,Q,2022,4,mixed,0,20.0,465529.0,465529000.0,0000
T_05_05_1_1_01,Q,2022,4,multi_unit,0,30.0,215846.0,215846000.0,0000
T_05_05_1_1_01,Q,2022,4,ppe,0,386.0,537800.0,537800000.0,0000
T_05_05_1_1_01,Q,2022,4,ppe_existing,0,198.0,315999.0,315999000.0,0000
T_05_05_1_1_01,Q,2022,4,ppe_new,0,188.0,221801.0,221801000.0,0000
T_05_05_1_1_01,Q,2023,1,commercial,0,7.0,154082.0,154082000.0,0000
T_05_05_1_1_01,Q,2023,1,house,0,160.0,665602.0,665602000.0,0000
T_05_05_1_1_01,Q,2023,1,house_existing,0,136.0,600679.0,600679000.0,0000
T_05_05_1_1_01,Q,2023,1,house_new,0,24.0,64923.0,64923000.0,0000
T_05_05_1_1_01,Q,2023,1,land,0,23.0,5263.0,5263000.0,0000
T_05_05_1_1_01,Q,2023,1,mixed,0,25.0,236970.0,236970000.0,0000
T_05_05_1_1_01,Q,2023,1,multi_unit,0,21.0,240263.0,240263000.0,0000
T_05_05_1_1_01,Q,2023,1,ppe,0,301.0,399610.0,399610000.0,0000
T_05_05_1_1_01,Q,2023,1,ppe_existing,0,192.0,259974.0,259974000.0,0000
T_05_05_1_1_01,Q,2023,1,ppe_new,0,109.0,139636.0,139636000.0,0000
T_05_05_1_1_01,Q,2023,2,commercial,0,10.0,226236.0,226236000.0,0000
T_05_05_1_1_01,Q,2023,2,house,0,210.0,577562.0,577562000.0,0000
T_05_05_1_1_01,Q,2023,2,house_existing,0,168.0,479891.0,479891000.0,0000
T_05_05_1_1_01,Q,2023,2,house_new,0,42.0,97671.0,97671000.0,0000
T_05_05_1_1_01,Q,2023,2,land,0,32.0,62514.0,62514000.0,0000
T_05_05_1_1_01,Q,2023,2,mixed,0,19.0,170752.0,170752000.0,0000
T_05_05_1_1_01,Q,2023,2,multi_unit,0,21.0,104060.0,104060000.0,0000
T_05_05_1_1_01,Q,2023,2,ppe,0,492.0,649683.0,649683000.0,0000
T_05_05_1_1_01,Q,2023,2,ppe_existing,0,211.0,328911.0,328911000.0,0000
T_05_05_1_1_01,Q,2023,2,ppe_new,0,281.0,320772.0,320772000.0,0000
T_05_05_1_1_01,Q,2023,3,commercial,0,3.0,35162.0,35162000.0,0000
T_05_05_1_1_01,Q,2023,3,house,0,196.0,633197.0,633197000.0,0000
T_05_05_1_1_01,Q,2023,3,house_existing,0,159.0,546999.0,546999000.0,0000
T_05_05_1_1_01,Q,2023,3,house_new,0,37.0,86198.0,86198000.0,0000
T_05_05_1_1_01,Q,2023,3,land,0,26.0,26600.0,26600000.0,0000
T_05_05_1_1_01,Q,2023,3,mixed,0,21.0,246388.0,246388000.0,0000
T_05_05_1_1_01,Q,2023,3,multi_unit,0,17.0,86961.0,86961000.0,0000
T_05_05_1_1_01,Q,2023,3,ppe,0,340.0,525812.0,525812000.0,0000
T_05_05_1_1_01,Q,2023,3,ppe_existing,0,213.0,326370.0,326370000.0,0000
T_05_05_1_1_01,Q,2023,3,ppe_new,0,127.0,199442.0,199442000.0,0000
T_05_05_1_1_01,Q,2023,4,commercial,0,11.0,262742.0,262742000.0,0000
T_05_05_1_1_01,Q,2023,4,house,0,206.0,665612.0,665612000.0,0000
T_05_05_1_1_01,Q,2023,4,house_existing,0,172.0,558259.0,558259000.0,0000
T_05_05_1_1_01,Q,2023,4,house_new,0,34.0,107353.0,107353000.0,0000
T_05_05_1_1_01,Q,2023,4,land,0,49.0,49936.0,49936000.0,0000
T_05_05_1_1_01,Q,2023,4,mixed,0,29.0,385183.0,385183000.0,0000
T_05_05_1_1_01,Q,2023,4,multi_unit,0,35.0,460737.0,460737000.0,0000
T_05_05_1_1_01,Q,2023,4,ppe,0,545.0,678483.0,678483000.0,0000
T_05_05_1_1_01,Q,2023,4,ppe_existing,0,225.0,313943.0,313943000.0,0000
T_05_05_1_1_01,Q,2023,4,ppe_new,0,320.0,364540.0,364540000.0,0000
T_05_05_1_1_01,Q,2024,1,commercial,0,6.0,67055.0,67055000.0,0000
T_05_05_1_1_01,Q,2024,1,house,0,148.0,508558.0,508558000.0,0000
T_05_05_1_1_01,Q,2024,1,house_existing,0,115.0,389921.0,389921000.0,0000
T_05_05_1_1_01,Q,2024,1,house_new,0,33.0,118637.0,118637000.0,0000
T_05_05_1_1_01,Q,2024,1,land,0,14.0,38491.0,38491000.0,0000
T_05_05_1_1_01,Q,2024,1,mixed,0,17.0,277876.0,277876000.0,0000
T_05_05_1_1_01,Q,2024,1,multi_unit,0,17.0,104788.0,104788000.0,0000
T_05_05_1_1_01,Q,2024,1,ppe,0,301.0,460777.0,460777000.0,0000
T_05_05_1_1_01,Q,2024,1,ppe_existing,0,214.0,335058.0,335058000.0,0000
T_05_05_1_1_01,Q,2024,1,ppe_new,0,87.0,125719.0,125719000.0,0000
T_05_05_1_1_01,Q,2024,2,commercial,0,9.0,185792.0,185792000.0,0000
T_05_05_1_1_01,Q,2024,2,house,0,217.0,595487.0,595487000.0,0000
T_05_05_1_1_01,Q,2024,2,house_existing,0,159.0,462317.0,462317000.0,0000
T_05_05_1_1_01,Q,2024,2,house_new,0,58.0,133170.0,133170000.0,0000
T_05_05_1_1_01,Q,2024,2,land,0,34.0,56851.0,56851000.0,0000
T_05_05_1_1_01,Q,2024,2,mixed,0,21.0,336286.0,336286000.0,0000
T_05_05_1_1_01,Q,2024,2,multi_unit,0,17.0,154807.0,154807000.0,0000
T_05_05_1_1_01,Q,2024,2,ppe,0,396.0,587250.0,587250000.0,0000
T_05_05_1_1_01,Q,2024,2,ppe_existing,0,204.0,329112.0,329112000.0,0000
T_05_05_1_1_01,Q,2024,2,ppe_new,0,192.0,258138.0,258138000.0,0000
T_05_05_1_1_01,Q,2024,3,commercial,0,4.0,191924.0,191924000.0,0000
T_05_05_1_1_01,Q,2024,3,house,0,206.0,653299.0,653299000.0,0000
T_05_05_1_1_01,Q,2024,3,house_existing,0,167.0,538681.0,538681000.0,0000
T_05_05_1_1_01,Q,2024,3,house_new,0,39.0,114618.0,114618000.0,0000
T_05_05_1_1_01,Q,2024,3,land,0,20.0,33467.0,33467000.0,0000
T_05_05_1_1_01,Q,2024,3,mixed,0,16.0,237562.0,237562000.0,0000
T_05_05_1_1_01,Q,2024,3,multi_unit,0,30.0,346894.0,346894000.0,0000
T_05_05_1_1_01,Q,2024,3,ppe,0,356.0,522097.0,522097000.0,0000
T_05_05_1_1_01,Q,2024,3,ppe_existing,0,221.0,314049.0,314049000.0,0000
T_05_05_1_1_01,Q,2024,3,ppe_new,0,135.0,208048.0,208048000.0,0000
T_05_05_1_1_01,Q,2024,4,commercial,0,13.0,78136.0,78136000.0,0000
T_05_05_1_1_01,Q,2024,4,house,0,219.0,636338.0,636338000.0,0000
T_05_05_1_1_01,Q,2024,4,house_existing,0,178.0,531293.0,531293000.0,0000
T_05_05_1_1_01,Q,2024,4,house_new,0,41.0,105045.0,105045000.0,0000
T_05_05_1_1_01,Q,2024,4,land,0,46.0,54202.0,54202000.0,0000
T_05_05_1_1_01,Q,2024,4,mixed,0,34.0,423480.0,423480000.0,0000
T_05_05_1_1_01,Q,2024,4,multi_unit,0,37.0,435152.0,435152000.0,0000
T_05_05_1_1_01,Q,2024,4,ppe,0,370.0,594625.0,594625000.0,0000
T_05_05_1_1_01,Q,2024,4,ppe_existing,0,255.0,394420.0,394420000.0,0000
T_05_05_1_1_01,Q,2024,4,ppe_new,0,115.0,200205.0,200205000.0,0000
T_05_05_1_1_01,Q,2025,1,commercial,1,14.0,78152.0,78152000.0,0000
T_05_05_1_1_01,Q,2025,1,house,1,111.0,398262.0,398262000.0,0000
T_05_05_1_1_01,Q,2025,1,house_existing,1,89.0,341695.0,341695000.0,0000
T_05_05_1_1_01,Q,2025,1,house_new,1,22.0,56567.0,56567000.0,0000
T_05_05_1_1_01,Q,2025,1,land,1,28.0,26975.0,26975000.0,0000
T_05_05_1_1_01,Q,2025,1,mixed,1,14.0,122034.0,122034000.0,0000
T_05_05_1_1_01,Q,2025,1,multi_unit,1,17.0,101825.0,101825000.0,0000
T_05_05_1_1_01,Q,2025,1,ppe,1,314.0,510433.0,510433000.0,0000
T_05_05_1_1_01,Q,2025,1,ppe_existing,1,206.0,335349.0,335349000.0,0000
T_05_05_1_1_01,Q,2025,1,ppe_new,1,108.0,175084.0,175084000.0,0000
T_05_05_1_1_01,Q,2025,2,commercial,1,17.0,202103.0,202103000.0,0000
T_05_05_1_1_01,Q,2025,2,house,1,192.0,722650.0,722650000.0,0000
T_05_05_1_1_01,Q,2025,2,house_existing,1,174.0,691994.0,691994000.0,0000
T_05_05_1_1_01,Q,2025,2,house_new,1,18.0,30656.0,30656000.0,0000
T_05_05_1_1_01,Q,2025,2,land,1,25.0,44383.0,44383000.0,0000
T_05_05_1_1_01,Q,2025,2,mixed,1,12.0,177874.0,177874000.0,0000
T_05_05_1_1_01,Q,2025,2,multi_unit,1,19.0,141117.0,141117000.0,0000
T_05_05_1_1_01,Q,2025,2,ppe,1,331.0,533409.0,533409000.0,0000
T_05_05_1_1_01,Q,2025,2,ppe_existing,1,227.0,398833.0,398833000.0,0000
T_05_05_1_1_01,Q,2025,2,ppe_new,1,104.0,134576.0,134576000.0,0000
T_05_05_1_1_01,Q,2025,3,commercial,1,18.0,235603.0,235603000.0,0000
T_05_05_1_1_01,Q,2025,3,house,1,199.0,610226.0,610226000.0,0000
T_05_05_1_1_01,Q,2025,3,house_existing,1,174.0,557390.0,557390000.0,0000
T_05_05_1_1_01,Q,2025,3,house_new,1,25.0,52836.0,52836000.0,0000
T_05_05_1_1_01,Q,2025,3,land,1,23.0,26078.0,26078000.0,0000
T_05_05_1_1_01,Q,2025,3,mixed,1,15.0,179095.0,179095000.0,0000
T_05_05_1_1_01,Q,2025,3,multi_unit,1,16.0,90490.0,90490000.0,0000
T_05_05_1_1_01,Q,2025,3,ppe,1,400.0,586262.0,586262000.0,0000
T_05_05_1_1_01,Q,2025,3,ppe_existing,1,198.0,336608.0,336608000.0,0000
T_05_05_1_1_01,Q,2025,3,ppe_new,1,202.0,249654.0,249654000.0,0000
T_05_05_1_1_01,Q,2025,4,commercial,1,23.0,649926.0,649926000.0,0000
T_05_05_1_1_01,Q,2025,4,house,1,190.0,569558.0,569558000.0,0000
T_05_05_1_1_01,Q,2025,4,house_existing,1,152.0,489604.0,489604000.0,0000
T_05_05_1_1_01,Q,2025,4,house_new,1,38.0,79954.0,79954000.0,0000
T_05_05_1_1_01,Q,2025,4,land,1,38.0,14161.0,14161000.0,0000
T_05_05_1_1_01,Q,2025,4,mixed,1,25.0,344549.0,344549000.0,0000
T_05_05_1_1_01,Q,2025,4,multi_unit,1,41.0,467428.0,467428000.0,0000
T_05_05_1_1_01,Q,2025,4,ppe,1,624.0,897003.0,897003000.0,0000
T_05_05_1_1_01,Q,2025,4,ppe_existing,1,216.0,383417.0,383417000.0,0000
T_05_05_1_1_01,Q,2025,4,ppe_new,1,408.0,513586.0,513586000.0,0000
T_05_05_1_1_01,Q,2026,1,commercial,1,11.0,279709.0,279709000.0,0000
T_05_05_1_1_01,Q,2026,1,house,1,145.0,541132.0,541132000.0,0000
T_05_05_1_1_01,Q,2026,1,house_existing,1,128.0,488912.0,488912000.0,0000
T_05_05_1_1_01,Q,2026,1,house_new,1,17.0,52220.0,52220000.0,0000
T_05_05_1_1_01,Q,2026,1,land,1,33.0,29444.0,29444000.0,0000
T_05_05_1_1_01,Q,2026,1,mixed,1,20.0,292577.0,292577000.0,0000
T_05_05_1_1_01,Q,2026,1,multi_unit,1,28.0,142371.0,142371000.0,0000
T_05_05_1_1_01,Q,2026,1,ppe,1,338.0,614703.0,614703000.0,0000
T_05_05_1_1_01,Q,2026,1,ppe_existing,1,179.0,382063.0,382063000.0,0000
T_05_05_1_1_01,Q,2026,1,ppe_new,1,159.0,232640.0,232640000.0,0000
T_05_05_1_1_01,Q,2026,2,commercial,1,9.0,246499.0,246499000.0,0000
T_05_05_1_1_01,Q,2026,2,house,1,158.0,525550.0,525550000.0,0000
T_05_05_1_1_01,Q,2026,2,house_existing,1,135.0,481680.0,481680000.0,0000
T_05_05_1_1_01,Q,2026,2,house_new,1,23.0,43870.0,43870000.0,0000
T_05_05_1_1_01,Q,2026,2,land,1,22.0,11284.0,11284000.0,0000
T_05_05_1_1_01,Q,2026,2,mixed,1,21.0,344593.0,344593000.0,0000
T_05_05_1_1_01,Q,2026,2,multi_unit,1,24.0,197882.0,197882000.0,0000
T_05_05_1_1_01,Q,2026,2,ppe,1,339.0,638079.0,638079000.0,0000
T_05_05_1_1_01,Q,2026,2,ppe_existing,1,179.0,314741.0,314741000.0,0000
T_05_05_1_1_01,Q,2026,2,ppe_new,1,160.0,323338.0,323338000.0,0000
T_05_05_1_1_01,Q,2026,3,commercial,1,,,,0000
T_05_05_1_1_01,Q,2026,3,house,1,,,,0000
T_05_05_1_1_01,Q,2026,3,house_existing,1,,,,0000
T_05_05_1_1_01,Q,2026,3,house_new,1,,,,0000
T_05_05_1_1_01,Q,2026,3,land,1,,,,0000
T_05_05_1_1_01,Q,2026,3,mixed,1,,,,0000
T_05_05_1_1_01,Q,2026,3,multi_unit,1,,,,0000
T_05_05_1_1_01,Q,2026,3,ppe,1,,,,0000
T_05_05_1_1_01,Q,2026,3,ppe_existing,1,,,,0000
T_05_05_1_1_01,Q,2026,3,ppe_new,1,,,,0000
T_05_05_1_1_01,Q,2026,4,commercial,1,,,,0000
T_05_05_1_1_01,Q,2026,4,house,1,,,,0000
T_05_05_1_1_01,Q,2026,4,house_existing,1,,,,0000
T_05_05_1_1_01,Q,2026,4,house_new,1,,,,0000
T_05_05_1_1_01,Q,2026,4,land,1,,,,0000
T_05_05_1_1_01,Q,2026,4,mixed,1,,,,0000
T_05_05_1_1_01,Q,2026,4,multi_unit,1,,,,0000
T_05_05_1_1_01,Q,2026,4,ppe,1,,,,0000
T_05_05_1_1_01,Q,2026,4,ppe_existing,1,,,,0000
T_05_05_1_1_01,Q,2026,4,ppe_new,1,,,,0000
T_05_05_1_2_01,Y,1998,,commercial,0,34.0,297098.0,297098000.0,0000
T_05_05_1_2_01,Y,1998,,house,0,526.0,500417.0,500417000.0,0000
T_05_05_1_2_01,Y,1998,,house_existing,0,,,,0000
T_05_05_1_2_01,Y,1998,,house_new,0,,,,0000
T_05_05_1_2_01,Y,1998,,land,0,581.0,253892.0,253892000.0,0000
T_05_05_1_2_01,Y,1998,,mixed,0,45.0,198519.0,198519000.0,0000
T_05_05_1_2_01,Y,1998,,multi_unit,0,91.0,240713.0,240713000.0,0000
T_05_05_1_2_01,Y,1998,,other,0,494.0,451953.0,451953000.0,0000
T_05_05_1_2_01,Y,1998,,ppe,0,638.0,348433.0,348433000.0,0000
T_05_05_1_2_01,Y,1998,,ppe_existing,0,,,,0000
T_05_05_1_2_01,Y,1998,,ppe_new,0,,,,0000
T_05_05_1_2_01,Y,1999,,commercial,0,54.0,577068.0,577068000.0,0000
T_05_05_1_2_01,Y,1999,,house,0,581.0,626293.0,626293000.0,0000
T_05_05_1_2_01,Y,1999,,house_existing,0,,,,0000
T_05_05_1_2_01,Y,1999,,house_new,0,,,,0000
T_05_05_1_2_01,Y,1999,,land,0,449.0,174728.0,174728000.0,0000
T_05_05_1_2_01,Y,1999,,mixed,0,75.0,369439.0,369439000.0,0000
T_05_05_1_2_01,Y,1999,,multi_unit,0,127.0,257253.0,257253000.0,0000
T_05_05_1_2_01,Y,1999,,other,0,367.0,710215.0,710215000.0,0000
T_05_05_1_2_01,Y,1999,,ppe,0,817.0,416412.0,416412000.0,0000
T_05_05_1_2_01,Y,1999,,ppe_existing,0,,,,0000
T_05_05_1_2_01,Y,1999,,ppe_new,0,,,,0000
T_05_05_1_2_01,Y,2000,,commercial,0,64.0,995731.0,995731000.0,0000
T_05_05_1_2_01,Y,2000,,house,0,636.0,745972.0,745972000.0,0000
T_05_05_1_2_01,Y,2000,,house_existing,0,,,,0000
T_05_05_1_2_01,Y,2000,,house_new,0,,,,0000
T_05_05_1_2_01,Y,2000,,land,0,389.0,193240.0,193240000.0,0000
T_05_05_1_2_01,Y,2000,,mixed,0,88.0,448618.0,448618000.0,0000
T_05_05_1_2_01,Y,2000,,multi_unit,0,114.0,319331.0,319331000.0,0000
T_05_05_1_2_01,Y,2000,,other,0,381.0,631456.0,631456000.0,0000
T_05_05_1_2_01,Y,2000,,ppe,0,982.0,551179.0,551179000.0,0000
T_05_05_1_2_01,Y,2000,,ppe_existing,0,,,,0000
T_05_05_1_2_01,Y,2000,,ppe_new,0,,,,0000
T_05_05_1_2_01,Y,2001,,commercial,0,69.0,797206.0,797206000.0,0000
T_05_05_1_2_01,Y,2001,,house,0,716.0,798551.0,798551000.0,0000
T_05_05_1_2_01,Y,2001,,house_existing,0,,,,0000
T_05_05_1_2_01,Y,2001,,house_new,0,,,,0000
T_05_05_1_2_01,Y,2001,,land,0,244.0,139501.0,139501000.0,0000
T_05_05_1_2_01,Y,2001,,mixed,0,76.0,327232.0,327232000.0,0000
T_05_05_1_2_01,Y,2001,,multi_unit,0,105.0,274794.0,274794000.0,0000
T_05_05_1_2_01,Y,2001,,other,0,333.0,445962.0,445962000.0,0000
T_05_05_1_2_01,Y,2001,,ppe,0,1009.0,600036.0,600036000.0,0000
T_05_05_1_2_01,Y,2001,,ppe_existing,0,,,,0000
T_05_05_1_2_01,Y,2001,,ppe_new,0,,,,0000
T_05_05_1_2_01,Y,2002,,commercial,0,61.0,427941.0,427941000.0,0000
T_05_05_1_2_01,Y,2002,,house,0,648.0,769405.0,769405000.0,0000
T_05_05_1_2_01,Y,2002,,house_existing,0,,,,0000
T_05_05_1_2_01,Y,2002,,house_new,0,,,,0000
T_05_05_1_2_01,Y,2002,,land,0,277.0,148155.0,148155000.0,0000
T_05_05_1_2_01,Y,2002,,mixed,0,104.0,503555.0,503555000.0,0000
T_05_05_1_2_01,Y,2002,,multi_unit,0,178.0,656101.0,656101000.0,0000
T_05_05_1_2_01,Y,2002,,other,0,270.0,600541.0,600541000.0,0000
T_05_05_1_2_01,Y,2002,,ppe,0,1071.0,666017.0,666017000.0,0000
T_05_05_1_2_01,Y,2002,,ppe_existing,0,,,,0000
T_05_05_1_2_01,Y,2002,,ppe_new,0,,,,0000
T_05_05_1_2_01,Y,2003,,commercial,0,60.0,653206.0,653206000.0,0000
T_05_05_1_2_01,Y,2003,,house,0,709.0,862373.0,862373000.0,0000
T_05_05_1_2_01,Y,2003,,house_existing,0,,,,0000
T_05_05_1_2_01,Y,2003,,house_new,0,,,,0000
T_05_05_1_2_01,Y,2003,,land,0,289.0,162444.0,162444000.0,0000
T_05_05_1_2_01,Y,2003,,mixed,0,117.0,472402.0,472402000.0,0000
T_05_05_1_2_01,Y,2003,,multi_unit,0,166.0,709651.0,709651000.0,0000
T_05_05_1_2_01,Y,2003,,other,0,313.0,608343.0,608343000.0,0000
T_05_05_1_2_01,Y,2003,,ppe,0,1039.0,692996.0,692996000.0,0000
T_05_05_1_2_01,Y,2003,,ppe_existing,0,,,,0000
T_05_05_1_2_01,Y,2003,,ppe_new,0,,,,0000
T_05_05_1_2_01,Y,2004,,commercial,0,68.0,586909.0,586909000.0,0000
T_05_05_1_2_01,Y,2004,,house,0,755.0,1086488.0,1086488000.0,0000
T_05_05_1_2_01,Y,2004,,house_existing,0,578.0,896177.0,896177000.0,0000
T_05_05_1_2_01,Y,2004,,house_new,0,177.0,190311.0,190311000.0,0000
T_05_05_1_2_01,Y,2004,,land,0,165.0,80785.0,80785000.0,0000
T_05_05_1_2_01,Y,2004,,mixed,0,103.0,472049.0,472049000.0,0000
T_05_05_1_2_01,Y,2004,,multi_unit,0,177.0,876995.0,876995000.0,0000
T_05_05_1_2_01,Y,2004,,other,0,366.0,403685.0,403685000.0,0000
T_05_05_1_2_01,Y,2004,,ppe,0,1148.0,748519.0,748519000.0,0000
T_05_05_1_2_01,Y,2004,,ppe_existing,0,817.0,528616.0,528616000.0,0000
T_05_05_1_2_01,Y,2004,,ppe_new,0,331.0,219903.0,219903000.0,0000
T_05_05_1_2_01,Y,2005,,commercial,0,54.0,595466.0,595466000.0,0000
T_05_05_1_2_01,Y,2005,,house,0,740.0,1111051.0,1111051000.0,0000
T_05_05_1_2_01,Y,2005,,house_existing,0,572.0,922629.0,922629000.0,0000
T_05_05_1_2_01,Y,2005,,house_new,0,168.0,188422.0,188422000.0,0000
T_05_05_1_2_01,Y,2005,,land,0,131.0,83752.0,83752000.0,0000
T_05_05_1_2_01,Y,2005,,mixed,0,85.0,610649.0,610649000.0,0000
T_05_05_1_2_01,Y,2005,,multi_unit,0,130.0,551585.0,551585000.0,0000
T_05_05_1_2_01,Y,2005,,other,0,204.0,527256.0,527256000.0,0000
T_05_05_1_2_01,Y,2005,,ppe,0,1326.0,964129.0,964129000.0,0000
T_05_05_1_2_01,Y,2005,,ppe_existing,0,771.0,557931.0,557931000.0,0000
T_05_05_1_2_01,Y,2005,,ppe_new,0,555.0,406198.0,406198000.0,0000
T_05_05_1_2_01,Y,2006,,commercial,0,64.0,856734.0,856734000.0,0000
T_05_05_1_2_01,Y,2006,,house,0,708.0,1193543.0,1193543000.0,0000
T_05_05_1_2_01,Y,2006,,house_existing,0,540.0,945837.0,945837000.0,0000
T_05_05_1_2_01,Y,2006,,house_new,0,168.0,247706.0,247706000.0,0000
T_05_05_1_2_01,Y,2006,,land,0,163.0,83329.0,83329000.0,0000
T_05_05_1_2_01,Y,2006,,mixed,0,87.0,459197.0,459197000.0,0000
T_05_05_1_2_01,Y,2006,,multi_unit,0,148.0,629465.0,629465000.0,0000
T_05_05_1_2_01,Y,2006,,other,0,177.0,186398.0,186398000.0,0000
T_05_05_1_2_01,Y,2006,,ppe,0,1035.0,932734.0,932734000.0,0000
T_05_05_1_2_01,Y,2006,,ppe_existing,0,820.0,744112.0,744112000.0,0000
T_05_05_1_2_01,Y,2006,,ppe_new,0,215.0,188622.0,188622000.0,0000
T_05_05_1_2_01,Y,2007,,commercial,0,66.0,545608.0,545608000.0,0000
T_05_05_1_2_01,Y,2007,,house,0,766.0,1436266.0,1436266000.0,0000
T_05_05_1_2_01,Y,2007,,house_existing,0,600.0,1211318.0,1211318000.0,0000
T_05_05_1_2_01,Y,2007,,house_new,0,166.0,224949.0,224949000.0,0000
T_05_05_1_2_01,Y,2007,,land,0,161.0,175965.0,175965000.0,0000
T_05_05_1_2_01,Y,2007,,mixed,0,90.0,486544.0,486544000.0,0000
T_05_05_1_2_01,Y,2007,,multi_unit,0,123.0,510718.0,510718000.0,0000
T_05_05_1_2_01,Y,2007,,other,0,276.0,343551.0,343551000.0,0000
T_05_05_1_2_01,Y,2007,,ppe,0,1092.0,919178.0,919178000.0,0000
T_05_05_1_2_01,Y,2007,,ppe_existing,0,824.0,711115.0,711115000.0,0000
T_05_05_1_2_01,Y,2007,,ppe_new,0,268.0,208063.0,208063000.0,0000
T_05_05_1_2_01,Y,2008,,commercial,0,76.0,727047.0,727047000.0,0000
T_05_05_1_2_01,Y,2008,,house,0,598.0,1384285.0,1384285000.0,0000
T_05_05_1_2_01,Y,2008,,house_existing,0,488.0,1232725.0,1232725000.0,0000
T_05_05_1_2_01,Y,2008,,house_new,0,110.0,151560.0,151560000.0,0000
T_05_05_1_2_01,Y,2008,,land,0,211.0,119060.0,119060000.0,0000
T_05_05_1_2_01,Y,2008,,mixed,0,95.0,619187.0,619187000.0,0000
T_05_05_1_2_01,Y,2008,,multi_unit,0,163.0,816434.0,816434000.0,0000
T_05_05_1_2_01,Y,2008,,other,0,171.0,404785.0,404785000.0,0000
T_05_05_1_2_01,Y,2008,,ppe,0,1112.0,1091359.0,1091359000.0,0000
T_05_05_1_2_01,Y,2008,,ppe_existing,0,784.0,810929.0,810929000.0,0000
T_05_05_1_2_01,Y,2008,,ppe_new,0,328.0,280430.0,280430000.0,0000
T_05_05_1_2_01,Y,2009,,commercial,0,45.0,446600.0,446600000.0,0000
T_05_05_1_2_01,Y,2009,,house,0,561.0,1271651.0,1271651000.0,0000
T_05_05_1_2_01,Y,2009,,house_existing,0,463.0,1117703.0,1117703000.0,0000
T_05_05_1_2_01,Y,2009,,house_new,0,98.0,153948.0,153948000.0,0000
T_05_05_1_2_01,Y,2009,,land,0,165.0,76840.0,76840000.0,0000
T_05_05_1_2_01,Y,2009,,mixed,0,51.0,356483.0,356483000.0,0000
T_05_05_1_2_01,Y,2009,,multi_unit,0,101.0,574294.0,574294000.0,0000
T_05_05_1_2_01,Y,2009,,other,0,225.0,234547.0,234547000.0,0000
T_05_05_1_2_01,Y,2009,,ppe,0,1101.0,1066038.0,1066038000.0,0000
T_05_05_1_2_01,Y,2009,,ppe_existing,0,756.0,739152.0,739152000.0,0000
T_05_05_1_2_01,Y,2009,,ppe_new,0,345.0,326885.0,326885000.0,0000
T_05_05_1_2_01,Y,2010,,commercial,0,60.0,533252.0,533252000.0,0000
T_05_05_1_2_01,Y,2010,,house,0,581.0,1547002.0,1547002000.0,0000
T_05_05_1_2_01,Y,2010,,house_existing,0,492.0,1335987.0,1335987000.0,0000
T_05_05_1_2_01,Y,2010,,house_new,0,89.0,211015.0,211015000.0,0000
T_05_05_1_2_01,Y,2010,,land,0,266.0,161726.0,161726000.0,0000
T_05_05_1_2_01,Y,2010,,mixed,0,62.0,445137.0,445137000.0,0000
T_05_05_1_2_01,Y,2010,,multi_unit,0,73.0,455323.0,455323000.0,0000
T_05_05_1_2_01,Y,2010,,other,0,414.0,193550.0,193550000.0,0000
T_05_05_1_2_01,Y,2010,,ppe,0,1307.0,1425869.0,1425869000.0,0000
T_05_05_1_2_01,Y,2010,,ppe_existing,0,697.0,848437.0,848437000.0,0000
T_05_05_1_2_01,Y,2010,,ppe_new,0,610.0,577431.0,577431000.0,0000
T_05_05_1_2_01,Y,2011,,commercial,0,43.0,810541.0,810541000.0,0000
T_05_05_1_2_01,Y,2011,,house,0,651.0,1619063.0,1619063000.0,0000
T_05_05_1_2_01,Y,2011,,house_existing,0,507.0,1335881.0,1335881000.0,0000
T_05_05_1_2_01,Y,2011,,house_new,0,144.0,283183.0,283183000.0,0000
T_05_05_1_2_01,Y,2011,,land,0,162.0,119833.0,119833000.0,0000
T_05_05_1_2_01,Y,2011,,mixed,0,47.0,400388.0,400388000.0,0000
T_05_05_1_2_01,Y,2011,,multi_unit,0,65.0,288550.0,288550000.0,0000
T_05_05_1_2_01,Y,2011,,other,0,265.0,184215.0,184215000.0,0000
T_05_05_1_2_01,Y,2011,,ppe,0,994.0,1286442.0,1286442000.0,0000
T_05_05_1_2_01,Y,2011,,ppe_existing,0,674.0,903807.0,903807000.0,0000
T_05_05_1_2_01,Y,2011,,ppe_new,0,320.0,382635.0,382635000.0,0000
T_05_05_1_2_01,Y,2012,,commercial,0,59.0,791048.0,791048000.0,0000
T_05_05_1_2_01,Y,2012,,house,0,476.0,1295987.0,1295987000.0,0000
T_05_05_1_2_01,Y,2012,,house_existing,0,418.0,1151762.0,1151762000.0,0000
T_05_05_1_2_01,Y,2012,,house_new,0,58.0,144225.0,144225000.0,0000
T_05_05_1_2_01,Y,2012,,land,0,123.0,89594.0,89594000.0,0000
T_05_05_1_2_01,Y,2012,,mixed,0,48.0,305053.0,305053000.0,0000
T_05_05_1_2_01,Y,2012,,multi_unit,0,95.0,546266.0,546266000.0,0000
T_05_05_1_2_01,Y,2012,,other,0,297.0,239856.0,239856000.0,0000
T_05_05_1_2_01,Y,2012,,ppe,0,1083.0,1435453.0,1435453000.0,0000
T_05_05_1_2_01,Y,2012,,ppe_existing,0,634.0,875119.0,875119000.0,0000
T_05_05_1_2_01,Y,2012,,ppe_new,0,449.0,560334.0,560334000.0,0000
T_05_05_1_2_01,Y,2013,,commercial,0,29.0,591889.0,591889000.0,0000
T_05_05_1_2_01,Y,2013,,house,0,544.0,1272854.0,1272854000.0,0000
T_05_05_1_2_01,Y,2013,,house_existing,0,436.0,1082548.0,1082548000.0,0000
T_05_05_1_2_01,Y,2013,,house_new,0,108.0,190306.0,190306000.0,0000
T_05_05_1_2_01,Y,2013,,land,0,140.0,110246.0,110246000.0,0000
T_05_05_1_2_01,Y,2013,,mixed,0,45.0,509656.0,509656000.0,0000
T_05_05_1_2_01,Y,2013,,multi_unit,0,68.0,345043.0,345043000.0,0000
T_05_05_1_2_01,Y,2013,,other,0,258.0,319573.0,319573000.0,0000
T_05_05_1_2_01,Y,2013,,ppe,0,888.0,1166608.0,1166608000.0,0000
T_05_05_1_2_01,Y,2013,,ppe_existing,0,578.0,760648.0,760648000.0,0000
T_05_05_1_2_01,Y,2013,,ppe_new,0,310.0,405959.0,405959000.0,0000
T_05_05_1_2_01,Y,2014,,commercial,0,37.0,382429.0,382429000.0,0000
T_05_05_1_2_01,Y,2014,,house,0,563.0,1342273.0,1342273000.0,0000
T_05_05_1_2_01,Y,2014,,house_existing,0,431.0,1106808.0,1106808000.0,0000
T_05_05_1_2_01,Y,2014,,house_new,0,132.0,235464.0,235464000.0,0000
T_05_05_1_2_01,Y,2014,,land,0,179.0,161375.0,161375000.0,0000
T_05_05_1_2_01,Y,2014,,mixed,0,49.0,362369.0,362369000.0,0000
T_05_05_1_2_01,Y,2014,,multi_unit,0,99.0,497143.0,497143000.0,0000
T_05_05_1_2_01,Y,2014,,other,0,418.0,260634.0,260634000.0,0000
T_05_05_1_2_01,Y,2014,,ppe,0,1189.0,1490030.0,1490030000.0,0000
T_05_05_1_2_01,Y,2014,,ppe_existing,0,596.0,777458.0,777458000.0,0000
T_05_05_1_2_01,Y,2014,,ppe_new,0,593.0,712572.0,712572000.0,0000
T_05_05_1_2_01,Y,2015,,commercial,0,94.0,1620897.0,1620897000.0,0000
T_05_05_1_2_01,Y,2015,,house,0,714.0,1519009.0,1519009000.0,0000
T_05_05_1_2_01,Y,2015,,house_existing,0,524.0,1226388.0,1226388000.0,0000
T_05_05_1_2_01,Y,2015,,house_new,0,190.0,292621.0,292621000.0,0000
T_05_05_1_2_01,Y,2015,,land,0,231.0,128428.0,128428000.0,0000
T_05_05_1_2_01,Y,2015,,mixed,0,57.0,487338.0,487338000.0,0000
T_05_05_1_2_01,Y,2015,,multi_unit,0,79.0,359870.0,359870000.0,0000
T_05_05_1_2_01,Y,2015,,other,0,387.0,333315.0,333315000.0,0000
T_05_05_1_2_01,Y,2015,,ppe,0,1456.0,1583589.0,1583589000.0,0000
T_05_05_1_2_01,Y,2015,,ppe_existing,0,671.0,813568.0,813568000.0,0000
T_05_05_1_2_01,Y,2015,,ppe_new,0,785.0,770021.0,770021000.0,0000
T_05_05_1_2_01,Y,2016,,commercial,0,36.0,604864.0,604864000.0,0000
T_05_05_1_2_01,Y,2016,,house,0,779.0,1679915.0,1679915000.0,0000
T_05_05_1_2_01,Y,2016,,house_existing,0,571.0,1363684.0,1363684000.0,0000
T_05_05_1_2_01,Y,2016,,house_new,0,208.0,316230.0,316230000.0,0000
T_05_05_1_2_01,Y,2016,,land,0,181.0,175260.0,175260000.0,0000
T_05_05_1_2_01,Y,2016,,mixed,0,56.0,421601.0,421601000.0,0000
T_05_05_1_2_01,Y,2016,,multi_unit,0,80.0,447591.0,447591000.0,0000
T_05_05_1_2_01,Y,2016,,other,0,362.0,192758.0,192758000.0,0000
T_05_05_1_2_01,Y,2016,,ppe,0,1407.0,1721354.0,1721354000.0,0000
T_05_05_1_2_01,Y,2016,,ppe_existing,0,678.0,922433.0,922433000.0,0000
T_05_05_1_2_01,Y,2016,,ppe_new,0,729.0,798921.0,798921000.0,0000
T_05_05_1_2_01,Y,2017,,commercial,0,51.0,1154339.0,1154339000.0,0000
T_05_05_1_2_01,Y,2017,,house,0,852.0,1826222.0,1826222000.0,0000
T_05_05_1_2_01,Y,2017,,house_existing,0,546.0,1341351.0,1341351000.0,0000
T_05_05_1_2_01,Y,2017,,house_new,0,306.0,484871.0,484871000.0,0000
T_05_05_1_2_01,Y,2017,,land,0,126.0,173159.0,173159000.0,0000
T_05_05_1_2_01,Y,2017,,mixed,0,62.0,611880.0,611880000.0,0000
T_05_05_1_2_01,Y,2017,,multi_unit,0,73.0,452052.0,452052000.0,0000
T_05_05_1_2_01,Y,2017,,other,0,366.0,169029.0,169029000.0,0000
T_05_05_1_2_01,Y,2017,,ppe,0,1163.0,1380495.0,1380495000.0,0000
T_05_05_1_2_01,Y,2017,,ppe_existing,0,670.0,850613.0,850613000.0,0000
T_05_05_1_2_01,Y,2017,,ppe_new,0,493.0,529882.0,529882000.0,0000
T_05_05_1_2_01,Y,2018,,commercial,0,65.0,1334411.0,1334411000.0,0000
T_05_05_1_2_01,Y,2018,,house,0,713.0,1695352.0,1695352000.0,0000
T_05_05_1_2_01,Y,2018,,house_existing,0,525.0,1401649.0,1401649000.0,0000
T_05_05_1_2_01,Y,2018,,house_new,0,188.0,293702.0,293702000.0,0000
T_05_05_1_2_01,Y,2018,,land,0,126.0,131244.0,131244000.0,0000
T_05_05_1_2_01,Y,2018,,mixed,0,64.0,948063.0,948063000.0,0000
T_05_05_1_2_01,Y,2018,,multi_unit,0,92.0,873768.0,873768000.0,0000
T_05_05_1_2_01,Y,2018,,other,0,435.0,146882.0,146882000.0,0000
T_05_05_1_2_01,Y,2018,,ppe,0,1268.0,1530153.0,1530153000.0,0000
T_05_05_1_2_01,Y,2018,,ppe_existing,0,714.0,893071.0,893071000.0,0000
T_05_05_1_2_01,Y,2018,,ppe_new,0,554.0,637082.0,637082000.0,0000
T_05_05_1_2_01,Y,2019,,commercial,0,44.0,836727.0,836727000.0,0000
T_05_05_1_2_01,Y,2019,,house,0,835.0,1801030.0,1801030000.0,0000
T_05_05_1_2_01,Y,2019,,house_existing,0,553.0,1317342.0,1317342000.0,0000
T_05_05_1_2_01,Y,2019,,house_new,0,282.0,483688.0,483688000.0,0000
T_05_05_1_2_01,Y,2019,,land,0,122.0,115641.0,115641000.0,0000
T_05_05_1_2_01,Y,2019,,mixed,0,53.0,585804.0,585804000.0,0000
T_05_05_1_2_01,Y,2019,,multi_unit,0,94.0,645374.0,645374000.0,0000
T_05_05_1_2_01,Y,2019,,other,0,431.0,315065.0,315065000.0,0000
T_05_05_1_2_01,Y,2019,,ppe,0,1330.0,1603773.0,1603773000.0,0000
T_05_05_1_2_01,Y,2019,,ppe_existing,0,758.0,944276.0,944276000.0,0000
T_05_05_1_2_01,Y,2019,,ppe_new,0,572.0,659497.0,659497000.0,0000
T_05_05_1_2_01,Y,2020,,commercial,0,58.0,1523147.0,1523147000.0,0000
T_05_05_1_2_01,Y,2020,,house,0,789.0,2200832.0,2200832000.0,0000
T_05_05_1_2_01,Y,2020,,house_existing,0,590.0,1799527.0,1799527000.0,0000
T_05_05_1_2_01,Y,2020,,house_new,0,199.0,401306.0,401306000.0,0000
T_05_05_1_2_01,Y,2020,,land,0,115.0,251802.0,251802000.0,0000
T_05_05_1_2_01,Y,2020,,mixed,0,76.0,1216940.0,1216940000.0,0000
T_05_05_1_2_01,Y,2020,,multi_unit,0,90.0,901735.0,901735000.0,0000
T_05_05_1_2_01,Y,2020,,other,0,390.0,237984.0,237984000.0,0000
T_05_05_1_2_01,Y,2020,,ppe,0,1540.0,2022208.0,2022208000.0,0000
T_05_05_1_2_01,Y,2020,,ppe_existing,0,792.0,1200841.0,1200841000.0,0000
T_05_05_1_2_01,Y,2020,,ppe_new,0,748.0,821367.0,821367000.0,0000
T_05_05_1_2_01,Y,2021,,commercial,0,47.0,2012911.0,2012911000.0,0000
T_05_05_1_2_01,Y,2021,,house,0,854.0,2775093.0,2775093000.0,0000
T_05_05_1_2_01,Y,2021,,house_existing,0,673.0,2349663.0,2349663000.0,0000
T_05_05_1_2_01,Y,2021,,house_new,0,181.0,425430.0,425430000.0,0000
T_05_05_1_2_01,Y,2021,,land,0,141.0,165737.0,165737000.0,0000
T_05_05_1_2_01,Y,2021,,mixed,0,82.0,1316346.0,1316346000.0,0000
T_05_05_1_2_01,Y,2021,,multi_unit,0,115.0,1111462.0,1111462000.0,0000
T_05_05_1_2_01,Y,2021,,other,0,477.0,186030.0,186030000.0,0000
T_05_05_1_2_01,Y,2021,,ppe,0,1659.0,2299943.0,2299943000.0,0000
T_05_05_1_2_01,Y,2021,,ppe_existing,0,904.0,1357354.0,1357354000.0,0000
T_05_05_1_2_01,Y,2021,,ppe_new,0,755.0,942588.0,942588000.0,0000
T_05_05_1_2_01,Y,2022,,commercial,0,51.0,1197056.0,1197056000.0,0000
T_05_05_1_2_01,Y,2022,,house,0,763.0,2337066.0,2337066000.0,0000
T_05_05_1_2_01,Y,2022,,house_existing,0,616.0,1965475.0,1965475000.0,0000
T_05_05_1_2_01,Y,2022,,house_new,0,147.0,371591.0,371591000.0,0000
T_05_05_1_2_01,Y,2022,,land,0,158.0,89250.0,89250000.0,0000
T_05_05_1_2_01,Y,2022,,mixed,0,84.0,1506475.0,1506475000.0,0000
T_05_05_1_2_01,Y,2022,,multi_unit,0,105.0,1186472.0,1186472000.0,0000
T_05_05_1_2_01,Y,2022,,other,0,568.0,439108.0,439108000.0,0000
T_05_05_1_2_01,Y,2022,,ppe,0,1735.0,2267164.0,2267164000.0,0000
T_05_05_1_2_01,Y,2022,,ppe_existing,0,841.0,1264749.0,1264749000.0,0000
T_05_05_1_2_01,Y,2022,,ppe_new,0,894.0,1002415.0,1002415000.0,0000
T_05_05_1_2_01,Y,2023,,commercial,0,31.0,678221.0,678221000.0,0000
T_05_05_1_2_01,Y,2023,,house,0,772.0,2541973.0,2541973000.0,0000
T_05_05_1_2_01,Y,2023,,house_existing,0,635.0,2185828.0,2185828000.0,0000
T_05_05_1_2_01,Y,2023,,house_new,0,137.0,356145.0,356145000.0,0000
T_05_05_1_2_01,Y,2023,,land,0,130.0,144313.0,144313000.0,0000
T_05_05_1_2_01,Y,2023,,mixed,0,94.0,1039291.0,1039291000.0,0000
T_05_05_1_2_01,Y,2023,,multi_unit,0,94.0,892020.0,892020000.0,0000
T_05_05_1_2_01,Y,2023,,other,0,669.0,314044.0,314044000.0,0000
T_05_05_1_2_01,Y,2023,,ppe,0,1678.0,2253589.0,2253589000.0,0000
T_05_05_1_2_01,Y,2023,,ppe_existing,0,841.0,1229199.0,1229199000.0,0000
T_05_05_1_2_01,Y,2023,,ppe_new,0,837.0,1024390.0,1024390000.0,0000
T_05_05_1_2_01,Y,2024,,commercial,0,32.0,522907.0,522907000.0,0000
T_05_05_1_2_01,Y,2024,,house,0,790.0,2393681.0,2393681000.0,0000
T_05_05_1_2_01,Y,2024,,house_existing,0,619.0,1922212.0,1922212000.0,0000
T_05_05_1_2_01,Y,2024,,house_new,0,171.0,471469.0,471469000.0,0000
T_05_05_1_2_01,Y,2024,,land,0,114.0,183011.0,183011000.0,0000
T_05_05_1_2_01,Y,2024,,mixed,0,88.0,1275203.0,1275203000.0,0000
T_05_05_1_2_01,Y,2024,,multi_unit,0,101.0,1041641.0,1041641000.0,0000
T_05_05_1_2_01,Y,2024,,other,0,416.0,238095.0,238095000.0,0000
T_05_05_1_2_01,Y,2024,,ppe,0,1423.0,2164749.0,2164749000.0,0000
T_05_05_1_2_01,Y,2024,,ppe_existing,0,894.0,1372639.0,1372639000.0,0000
T_05_05_1_2_01,Y,2024,,ppe_new,0,529.0,792110.0,792110000.0,0000
T_05_05_1_2_01,Y,2025,,commercial,1,72.0,1165784.0,1165784000.0,0000
T_05_05_1_2_01,Y,2025,,house,1,692.0,2300696.0,2300696000.0,0000
T_05_05_1_2_01,Y,2025,,house_existing,1,589.0,2080683.0,2080683000.0,0000
T_05_05_1_2_01,Y,2025,,house_new,1,103.0,220013.0,220013000.0,0000
T_05_05_1_2_01,Y,2025,,land,1,114.0,111597.0,111597000.0,0000
T_05_05_1_2_01,Y,2025,,mixed,1,66.0,823552.0,823552000.0,0000
T_05_05_1_2_01,Y,2025,,multi_unit,1,93.0,800860.0,800860000.0,0000
T_05_05_1_2_01,Y,2025,,other,1,619.0,247308.0,247308000.0,0000
T_05_05_1_2_01,Y,2025,,ppe,1,1669.0,2527107.0,2527107000.0,0000
T_05_05_1_2_01,Y,2025,,ppe_existing,1,847.0,1454207.0,1454207000.0,0000
T_05_05_1_2_01,Y,2025,,ppe_new,1,822.0,1072900.0,1072900000.0,0000
